question_id,flag,reason
EASA-ATPLA-AL-000001,audit_v2_pending_provision_review,"JAA-Sets/Current_EASA_Air_Law_Audit_v2_2026-09-14: citation names a source family, not the exact controlling provision; or depends on State AIP/national law"
EASA-ATPLA-AL-000002,audit_v2_pending_provision_review,"JAA-Sets/Current_EASA_Air_Law_Audit_v2_2026-09-14: citation names a source family, not the exact controlling provision; or depends on State AIP/national law"
EASA-ATPLA-AL-000003,audit_v2_pending_provision_review,"JAA-Sets/Current_EASA_Air_Law_Audit_v2_2026-09-14: citation names a source family, not the exact controlling provision; or depends on State AIP/national law"
EASA-ATPLA-AL-000004,audit_v2_pending_provision_review,"JAA-Sets/Current_EASA_Air_Law_Audit_v2_2026-09-14: citation names a source family, not the exact controlling provision; or depends on State AIP/national law"
EASA-ATPLA-AL-000005,audit_v2_pending_provision_review,"JAA-Sets/Current_EASA_Air_Law_Audit_v2_2026-09-14: citation names a source family, not the exact controlling provision; or depends on State AIP/national law"
EASA-ATPLA-AL-000006,audit_v2_pending_provision_review,"JAA-Sets/Current_EASA_Air_Law_Audit_v2_2026-09-14: citation names a source family, not the exact controlling provision; or depends on State AIP/national law"
EASA-ATPLA-AL-000007,audit_v2_pending_provision_review,"JAA-Sets/Current_EASA_Air_Law_Audit_v2_2026-09-14: citation names a source family, not the exact controlling provision; or depends on State AIP/national law"
EASA-ATPLA-AL-000008,audit_v2_pending_provision_review,"JAA-Sets/Current_EASA_Air_Law_Audit_v2_2026-09-14: citation names a source family, not the exact controlling provision; or depends on State AIP/national law"
EASA-ATPLA-AL-000009,audit_v2_pending_provision_review,"JAA-Sets/Current_EASA_Air_Law_Audit_v2_2026-09-14: citation names a source family, not the exact controlling provision; or depends on State AIP/national law"
EASA-ATPLA-AL-000010,audit_v2_pending_provision_review,"JAA-Sets/Current_EASA_Air_Law_Audit_v2_2026-09-14: citation names a source family, not the exact controlling provision; or depends on State AIP/national law"
EASA-ATPLA-AL-000011,audit_v2_pending_provision_review,"JAA-Sets/Current_EASA_Air_Law_Audit_v2_2026-09-14: citation names a source family, not the exact controlling provision; or depends on State AIP/national law"
EASA-ATPLA-AL-000012,audit_v2_pending_provision_review,"JAA-Sets/Current_EASA_Air_Law_Audit_v2_2026-09-14: citation names a source family, not the exact controlling provision; or depends on State AIP/national law"
EASA-ATPLA-AL-000013,audit_v2_pending_provision_review,"JAA-Sets/Current_EASA_Air_Law_Audit_v2_2026-09-14: citation names a source family, not the exact controlling provision; or depends on State AIP/national law"
EASA-ATPLA-AL-000014,audit_v2_pending_provision_review,"JAA-Sets/Current_EASA_Air_Law_Audit_v2_2026-09-14: citation names a source family, not the exact controlling provision; or depends on State AIP/national law"
EASA-ATPLA-AL-000015,audit_v2_pending_provision_review,"JAA-Sets/Current_EASA_Air_Law_Audit_v2_2026-09-14: citation names a source family, not the exact controlling provision; or depends on State AIP/national law"
EASA-ATPLA-AL-000016,audit_v2_pending_provision_review,"JAA-Sets/Current_EASA_Air_Law_Audit_v2_2026-09-14: citation names a source family, not the exact controlling provision; or depends on State AIP/national law"
EASA-ATPLA-AL-000017,audit_v2_pending_provision_review,"JAA-Sets/Current_EASA_Air_Law_Audit_v2_2026-09-14: citation names a source family, not the exact controlling provision; or depends on State AIP/national law"
EASA-ATPLA-AL-000018,audit_v2_pending_provision_review,"JAA-Sets/Current_EASA_Air_Law_Audit_v2_2026-09-14: citation names a source family, not the exact controlling provision; or depends on State AIP/national law"
EASA-ATPLA-AL-000019,audit_v2_pending_provision_review,"JAA-Sets/Current_EASA_Air_Law_Audit_v2_2026-09-14: citation names a source family, not the exact controlling provision; or depends on State AIP/national law"
EASA-ATPLA-AL-000020,audit_v2_pending_provision_review,"JAA-Sets/Current_EASA_Air_Law_Audit_v2_2026-09-14: citation names a source family, not the exact controlling provision; or depends on State AIP/national law"
EASA-ATPLA-AL-000021,audit_v2_pending_provision_review,"JAA-Sets/Current_EASA_Air_Law_Audit_v2_2026-09-14: citation names a source family, not the exact controlling provision; or depends on State AIP/national law"
EASA-ATPLA-AL-000022,audit_v2_pending_provision_review,"JAA-Sets/Current_EASA_Air_Law_Audit_v2_2026-09-14: citation names a source family, not the exact controlling provision; or depends on State AIP/national law"
EASA-ATPLA-AL-000023,audit_v2_pending_provision_review,"JAA-Sets/Current_EASA_Air_Law_Audit_v2_2026-09-14: citation names a source family, not the exact controlling provision; or depends on State AIP/national law"
EASA-ATPLA-AL-000024,audit_v2_pending_provision_review,"JAA-Sets/Current_EASA_Air_Law_Audit_v2_2026-09-14: citation names a source family, not the exact controlling provision; or depends on State AIP/national law"
EASA-ATPLA-AL-000025,audit_v2_pending_provision_review,"JAA-Sets/Current_EASA_Air_Law_Audit_v2_2026-09-14: citation names a source family, not the exact controlling provision; or depends on State AIP/national law"
EASA-ATPLA-AL-000026,audit_v2_pending_provision_review,"JAA-Sets/Current_EASA_Air_Law_Audit_v2_2026-09-14: citation names a source family, not the exact controlling provision; or depends on State AIP/national law"
EASA-ATPLA-AL-000027,audit_v2_pending_provision_review,"JAA-Sets/Current_EASA_Air_Law_Audit_v2_2026-09-14: citation names a source family, not the exact controlling provision; or depends on State AIP/national law"
EASA-ATPLA-AL-000028,audit_v2_pending_provision_review,"JAA-Sets/Current_EASA_Air_Law_Audit_v2_2026-09-14: citation names a source family, not the exact controlling provision; or depends on State AIP/national law"
EASA-ATPLA-AL-000029,audit_v2_pending_provision_review,"JAA-Sets/Current_EASA_Air_Law_Audit_v2_2026-09-14: citation names a source family, not the exact controlling provision; or depends on State AIP/national law"
EASA-ATPLA-AL-000030,audit_v2_pending_provision_review,"JAA-Sets/Current_EASA_Air_Law_Audit_v2_2026-09-14: citation names a source family, not the exact controlling provision; or depends on State AIP/national law"
EASA-ATPLA-AL-000031,audit_v2_pending_provision_review,"JAA-Sets/Current_EASA_Air_Law_Audit_v2_2026-09-14: citation names a source family, not the exact controlling provision; or depends on State AIP/national law"
EASA-ATPLA-AL-000032,audit_v2_pending_provision_review,"JAA-Sets/Current_EASA_Air_Law_Audit_v2_2026-09-14: citation names a source family, not the exact controlling provision; or depends on State AIP/national law"
EASA-ATPLA-AL-000033,audit_v2_pending_provision_review,"JAA-Sets/Current_EASA_Air_Law_Audit_v2_2026-09-14: citation names a source family, not the exact controlling provision; or depends on State AIP/national law"
EASA-ATPLA-AL-000034,audit_v2_pending_provision_review,"JAA-Sets/Current_EASA_Air_Law_Audit_v2_2026-09-14: citation names a source family, not the exact controlling provision; or depends on State AIP/national law"
EASA-ATPLA-AL-000035,audit_v2_pending_provision_review,"JAA-Sets/Current_EASA_Air_Law_Audit_v2_2026-09-14: citation names a source family, not the exact controlling provision; or depends on State AIP/national law"
EASA-ATPLA-AL-000036,audit_v2_pending_provision_review,"JAA-Sets/Current_EASA_Air_Law_Audit_v2_2026-09-14: citation names a source family, not the exact controlling provision; or depends on State AIP/national law"
EASA-ATPLA-AL-000037,audit_v2_pending_provision_review,"JAA-Sets/Current_EASA_Air_Law_Audit_v2_2026-09-14: citation names a source family, not the exact controlling provision; or depends on State AIP/national law"
EASA-ATPLA-AL-000038,audit_v2_pending_provision_review,"JAA-Sets/Current_EASA_Air_Law_Audit_v2_2026-09-14: citation names a source family, not the exact controlling provision; or depends on State AIP/national law"
EASA-ATPLA-AL-000039,audit_v2_pending_provision_review,"JAA-Sets/Current_EASA_Air_Law_Audit_v2_2026-09-14: citation names a source family, not the exact controlling provision; or depends on State AIP/national law"
EASA-ATPLA-AL-000040,audit_v2_pending_provision_review,"JAA-Sets/Current_EASA_Air_Law_Audit_v2_2026-09-14: citation names a source family, not the exact controlling provision; or depends on State AIP/national law"
EASA-ATPLA-AL-000041,audit_v2_pending_provision_review,"JAA-Sets/Current_EASA_Air_Law_Audit_v2_2026-09-14: citation names a source family, not the exact controlling provision; or depends on State AIP/national law"
EASA-ATPLA-AL-000042,audit_v2_pending_provision_review,"JAA-Sets/Current_EASA_Air_Law_Audit_v2_2026-09-14: citation names a source family, not the exact controlling provision; or depends on State AIP/national law"
EASA-ATPLA-AL-000043,audit_v2_pending_provision_review,"JAA-Sets/Current_EASA_Air_Law_Audit_v2_2026-09-14: citation names a source family, not the exact controlling provision; or depends on State AIP/national law"
EASA-ATPLA-AL-000044,audit_v2_pending_provision_review,"JAA-Sets/Current_EASA_Air_Law_Audit_v2_2026-09-14: citation names a source family, not the exact controlling provision; or depends on State AIP/national law"
EASA-ATPLA-AL-000045,audit_v2_pending_provision_review,"JAA-Sets/Current_EASA_Air_Law_Audit_v2_2026-09-14: citation names a source family, not the exact controlling provision; or depends on State AIP/national law"
EASA-ATPLA-AL-000046,audit_v2_pending_provision_review,"JAA-Sets/Current_EASA_Air_Law_Audit_v2_2026-09-14: citation names a source family, not the exact controlling provision; or depends on State AIP/national law"
EASA-ATPLA-AL-000047,audit_v2_pending_provision_review,"JAA-Sets/Current_EASA_Air_Law_Audit_v2_2026-09-14: citation names a source family, not the exact controlling provision; or depends on State AIP/national law"
EASA-ATPLA-AL-000048,audit_v2_pending_provision_review,"JAA-Sets/Current_EASA_Air_Law_Audit_v2_2026-09-14: citation names a source family, not the exact controlling provision; or depends on State AIP/national law"
EASA-ATPLA-AL-000049,audit_v2_pending_provision_review,"JAA-Sets/Current_EASA_Air_Law_Audit_v2_2026-09-14: citation names a source family, not the exact controlling provision; or depends on State AIP/national law"
EASA-ATPLA-AL-000050,audit_v2_pending_provision_review,"JAA-Sets/Current_EASA_Air_Law_Audit_v2_2026-09-14: citation names a source family, not the exact controlling provision; or depends on State AIP/national law"
EASA-ATPLA-AL-000051,audit_v2_pending_provision_review,"JAA-Sets/Current_EASA_Air_Law_Audit_v2_2026-09-14: citation names a source family, not the exact controlling provision; or depends on State AIP/national law"
EASA-ATPLA-AL-000052,audit_v2_pending_provision_review,"JAA-Sets/Current_EASA_Air_Law_Audit_v2_2026-09-14: citation names a source family, not the exact controlling provision; or depends on State AIP/national law"
EASA-ATPLA-AL-000053,audit_v2_pending_provision_review,"JAA-Sets/Current_EASA_Air_Law_Audit_v2_2026-09-14: citation names a source family, not the exact controlling provision; or depends on State AIP/national law"
EASA-ATPLA-AL-000054,audit_v2_pending_provision_review,"JAA-Sets/Current_EASA_Air_Law_Audit_v2_2026-09-14: citation names a source family, not the exact controlling provision; or depends on State AIP/national law"
EASA-ATPLA-AL-000055,audit_v2_pending_provision_review,"JAA-Sets/Current_EASA_Air_Law_Audit_v2_2026-09-14: citation names a source family, not the exact controlling provision; or depends on State AIP/national law"
EASA-ATPLA-AL-000056,audit_v2_pending_provision_review,"JAA-Sets/Current_EASA_Air_Law_Audit_v2_2026-09-14: citation names a source family, not the exact controlling provision; or depends on State AIP/national law"
EASA-ATPLA-AL-000057,audit_v2_pending_provision_review,"JAA-Sets/Current_EASA_Air_Law_Audit_v2_2026-09-14: citation names a source family, not the exact controlling provision; or depends on State AIP/national law"
EASA-ATPLA-AL-000058,audit_v2_pending_provision_review,"JAA-Sets/Current_EASA_Air_Law_Audit_v2_2026-09-14: citation names a source family, not the exact controlling provision; or depends on State AIP/national law"
EASA-ATPLA-AL-000059,audit_v2_pending_provision_review,"JAA-Sets/Current_EASA_Air_Law_Audit_v2_2026-09-14: citation names a source family, not the exact controlling provision; or depends on State AIP/national law"
EASA-ATPLA-AL-000060,audit_v2_pending_provision_review,"JAA-Sets/Current_EASA_Air_Law_Audit_v2_2026-09-14: citation names a source family, not the exact controlling provision; or depends on State AIP/national law"
EASA-ATPLA-AL-000081,audit_v2_pending_provision_review,"JAA-Sets/Current_EASA_Air_Law_Audit_v2_2026-09-14: citation names a source family, not the exact controlling provision; or depends on State AIP/national law"
EASA-ATPLA-AL-000082,audit_v2_pending_provision_review,"JAA-Sets/Current_EASA_Air_Law_Audit_v2_2026-09-14: citation names a source family, not the exact controlling provision; or depends on State AIP/national law"
EASA-ATPLA-AL-000083,audit_v2_pending_provision_review,"JAA-Sets/Current_EASA_Air_Law_Audit_v2_2026-09-14: citation names a source family, not the exact controlling provision; or depends on State AIP/national law"
EASA-ATPLA-AL-000084,audit_v2_pending_provision_review,"JAA-Sets/Current_EASA_Air_Law_Audit_v2_2026-09-14: citation names a source family, not the exact controlling provision; or depends on State AIP/national law"
EASA-ATPLA-AL-000085,audit_v2_pending_provision_review,"JAA-Sets/Current_EASA_Air_Law_Audit_v2_2026-09-14: citation names a source family, not the exact controlling provision; or depends on State AIP/national law"
EASA-ATPLA-AL-000086,audit_v2_pending_provision_review,"JAA-Sets/Current_EASA_Air_Law_Audit_v2_2026-09-14: citation names a source family, not the exact controlling provision; or depends on State AIP/national law"
EASA-ATPLA-AL-000087,audit_v2_pending_provision_review,"JAA-Sets/Current_EASA_Air_Law_Audit_v2_2026-09-14: citation names a source family, not the exact controlling provision; or depends on State AIP/national law"
EASA-ATPLA-AL-000088,audit_v2_pending_provision_review,"JAA-Sets/Current_EASA_Air_Law_Audit_v2_2026-09-14: citation names a source family, not the exact controlling provision; or depends on State AIP/national law"
EASA-ATPLA-AL-000089,audit_v2_pending_provision_review,"JAA-Sets/Current_EASA_Air_Law_Audit_v2_2026-09-14: citation names a source family, not the exact controlling provision; or depends on State AIP/national law"
EASA-ATPLA-AL-000090,audit_v2_pending_provision_review,"JAA-Sets/Current_EASA_Air_Law_Audit_v2_2026-09-14: citation names a source family, not the exact controlling provision; or depends on State AIP/national law"
EASA-ATPLA-AL-000091,audit_v2_pending_provision_review,"JAA-Sets/Current_EASA_Air_Law_Audit_v2_2026-09-14: citation names a source family, not the exact controlling provision; or depends on State AIP/national law"
EASA-ATPLA-AL-000092,audit_v2_pending_provision_review,"JAA-Sets/Current_EASA_Air_Law_Audit_v2_2026-09-14: citation names a source family, not the exact controlling provision; or depends on State AIP/national law"
EASA-ATPLA-AL-000093,audit_v2_pending_provision_review,"JAA-Sets/Current_EASA_Air_Law_Audit_v2_2026-09-14: citation names a source family, not the exact controlling provision; or depends on State AIP/national law"
EASA-ATPLA-AL-000094,audit_v2_pending_provision_review,"JAA-Sets/Current_EASA_Air_Law_Audit_v2_2026-09-14: citation names a source family, not the exact controlling provision; or depends on State AIP/national law"
EASA-ATPLA-AL-000095,audit_v2_pending_provision_review,"JAA-Sets/Current_EASA_Air_Law_Audit_v2_2026-09-14: citation names a source family, not the exact controlling provision; or depends on State AIP/national law"
EASA-ATPLA-AL-000096,audit_v2_pending_provision_review,"JAA-Sets/Current_EASA_Air_Law_Audit_v2_2026-09-14: citation names a source family, not the exact controlling provision; or depends on State AIP/national law"
EASA-ATPLA-AL-000097,audit_v2_pending_provision_review,"JAA-Sets/Current_EASA_Air_Law_Audit_v2_2026-09-14: citation names a source family, not the exact controlling provision; or depends on State AIP/national law"
EASA-ATPLA-AL-000098,audit_v2_pending_provision_review,"JAA-Sets/Current_EASA_Air_Law_Audit_v2_2026-09-14: citation names a source family, not the exact controlling provision; or depends on State AIP/national law"
EASA-ATPLA-AL-000099,audit_v2_pending_provision_review,"JAA-Sets/Current_EASA_Air_Law_Audit_v2_2026-09-14: citation names a source family, not the exact controlling provision; or depends on State AIP/national law"
EASA-ATPLA-AL-000100,audit_v2_pending_provision_review,"JAA-Sets/Current_EASA_Air_Law_Audit_v2_2026-09-14: citation names a source family, not the exact controlling provision; or depends on State AIP/national law"
EASA-ATPLA-AL-000101,audit_v2_pending_provision_review,"JAA-Sets/Current_EASA_Air_Law_Audit_v2_2026-09-14: citation names a source family, not the exact controlling provision; or depends on State AIP/national law"
EASA-ATPLA-AL-000102,audit_v2_pending_provision_review,"JAA-Sets/Current_EASA_Air_Law_Audit_v2_2026-09-14: citation names a source family, not the exact controlling provision; or depends on State AIP/national law"
EASA-ATPLA-AL-000103,audit_v2_pending_provision_review,"JAA-Sets/Current_EASA_Air_Law_Audit_v2_2026-09-14: citation names a source family, not the exact controlling provision; or depends on State AIP/national law"
EASA-ATPLA-AL-000104,audit_v2_pending_provision_review,"JAA-Sets/Current_EASA_Air_Law_Audit_v2_2026-09-14: citation names a source family, not the exact controlling provision; or depends on State AIP/national law"
EASA-ATPLA-AL-000105,audit_v2_pending_provision_review,"JAA-Sets/Current_EASA_Air_Law_Audit_v2_2026-09-14: citation names a source family, not the exact controlling provision; or depends on State AIP/national law"
EASA-ATPLA-AL-000106,audit_v2_pending_provision_review,"JAA-Sets/Current_EASA_Air_Law_Audit_v2_2026-09-14: citation names a source family, not the exact controlling provision; or depends on State AIP/national law"
EASA-ATPLA-AL-000107,audit_v2_pending_provision_review,"JAA-Sets/Current_EASA_Air_Law_Audit_v2_2026-09-14: citation names a source family, not the exact controlling provision; or depends on State AIP/national law"
EASA-ATPLA-AL-000108,audit_v2_pending_provision_review,"JAA-Sets/Current_EASA_Air_Law_Audit_v2_2026-09-14: citation names a source family, not the exact controlling provision; or depends on State AIP/national law"
EASA-ATPLA-AL-000109,audit_v2_pending_provision_review,"JAA-Sets/Current_EASA_Air_Law_Audit_v2_2026-09-14: citation names a source family, not the exact controlling provision; or depends on State AIP/national law"
EASA-ATPLA-AL-000110,audit_v2_pending_provision_review,"JAA-Sets/Current_EASA_Air_Law_Audit_v2_2026-09-14: citation names a source family, not the exact controlling provision; or depends on State AIP/national law"
EASA-ATPLA-AL-000111,audit_v2_pending_provision_review,"JAA-Sets/Current_EASA_Air_Law_Audit_v2_2026-09-14: citation names a source family, not the exact controlling provision; or depends on State AIP/national law"
EASA-ATPLA-AL-000112,audit_v2_pending_provision_review,"JAA-Sets/Current_EASA_Air_Law_Audit_v2_2026-09-14: citation names a source family, not the exact controlling provision; or depends on State AIP/national law"
EASA-ATPLA-AL-000113,audit_v2_pending_provision_review,"JAA-Sets/Current_EASA_Air_Law_Audit_v2_2026-09-14: citation names a source family, not the exact controlling provision; or depends on State AIP/national law"
EASA-ATPLA-AL-000114,audit_v2_pending_provision_review,"JAA-Sets/Current_EASA_Air_Law_Audit_v2_2026-09-14: citation names a source family, not the exact controlling provision; or depends on State AIP/national law"
EASA-ATPLA-AL-000115,audit_v2_pending_provision_review,"JAA-Sets/Current_EASA_Air_Law_Audit_v2_2026-09-14: citation names a source family, not the exact controlling provision; or depends on State AIP/national law"
EASA-ATPLA-AL-000116,audit_v2_pending_provision_review,"JAA-Sets/Current_EASA_Air_Law_Audit_v2_2026-09-14: citation names a source family, not the exact controlling provision; or depends on State AIP/national law"
EASA-ATPLA-AL-000117,audit_v2_pending_provision_review,"JAA-Sets/Current_EASA_Air_Law_Audit_v2_2026-09-14: citation names a source family, not the exact controlling provision; or depends on State AIP/national law"
EASA-ATPLA-AL-000118,audit_v2_pending_provision_review,"JAA-Sets/Current_EASA_Air_Law_Audit_v2_2026-09-14: citation names a source family, not the exact controlling provision; or depends on State AIP/national law"
EASA-ATPLA-AL-000119,audit_v2_pending_provision_review,"JAA-Sets/Current_EASA_Air_Law_Audit_v2_2026-09-14: citation names a source family, not the exact controlling provision; or depends on State AIP/national law"
EASA-ATPLA-AL-000120,audit_v2_pending_provision_review,"JAA-Sets/Current_EASA_Air_Law_Audit_v2_2026-09-14: citation names a source family, not the exact controlling provision; or depends on State AIP/national law"
EASA-ATPLA-AL-000121,audit_v2_pending_provision_review,"JAA-Sets/Current_EASA_Air_Law_Audit_v2_2026-09-14: citation names a source family, not the exact controlling provision; or depends on State AIP/national law"
EASA-ATPLA-AL-000122,audit_v2_pending_provision_review,"JAA-Sets/Current_EASA_Air_Law_Audit_v2_2026-09-14: citation names a source family, not the exact controlling provision; or depends on State AIP/national law"
EASA-ATPLA-AL-000123,audit_v2_pending_provision_review,"JAA-Sets/Current_EASA_Air_Law_Audit_v2_2026-09-14: citation names a source family, not the exact controlling provision; or depends on State AIP/national law"
EASA-ATPLA-AL-000124,audit_v2_pending_provision_review,"JAA-Sets/Current_EASA_Air_Law_Audit_v2_2026-09-14: citation names a source family, not the exact controlling provision; or depends on State AIP/national law"
EASA-ATPLA-AL-000125,audit_v2_pending_provision_review,"JAA-Sets/Current_EASA_Air_Law_Audit_v2_2026-09-14: citation names a source family, not the exact controlling provision; or depends on State AIP/national law"
EASA-ATPLA-AL-000126,audit_v2_pending_provision_review,"JAA-Sets/Current_EASA_Air_Law_Audit_v2_2026-09-14: citation names a source family, not the exact controlling provision; or depends on State AIP/national law"
EASA-ATPLA-AL-000127,audit_v2_pending_provision_review,"JAA-Sets/Current_EASA_Air_Law_Audit_v2_2026-09-14: citation names a source family, not the exact controlling provision; or depends on State AIP/national law"
EASA-ATPLA-AL-000128,audit_v2_pending_provision_review,"JAA-Sets/Current_EASA_Air_Law_Audit_v2_2026-09-14: citation names a source family, not the exact controlling provision; or depends on State AIP/national law"
EASA-ATPLA-AL-000129,audit_v2_pending_provision_review,"JAA-Sets/Current_EASA_Air_Law_Audit_v2_2026-09-14: citation names a source family, not the exact controlling provision; or depends on State AIP/national law"
EASA-ATPLA-AL-000130,audit_v2_pending_provision_review,"JAA-Sets/Current_EASA_Air_Law_Audit_v2_2026-09-14: citation names a source family, not the exact controlling provision; or depends on State AIP/national law"
EASA-ATPLA-AL-000131,audit_v2_pending_provision_review,"JAA-Sets/Current_EASA_Air_Law_Audit_v2_2026-09-14: citation names a source family, not the exact controlling provision; or depends on State AIP/national law"
EASA-ATPLA-AL-000132,audit_v2_pending_provision_review,"JAA-Sets/Current_EASA_Air_Law_Audit_v2_2026-09-14: citation names a source family, not the exact controlling provision; or depends on State AIP/national law"
EASA-ATPLA-AL-000133,audit_v2_pending_provision_review,"JAA-Sets/Current_EASA_Air_Law_Audit_v2_2026-09-14: citation names a source family, not the exact controlling provision; or depends on State AIP/national law"
EASA-ATPLA-AL-000134,audit_v2_pending_provision_review,"JAA-Sets/Current_EASA_Air_Law_Audit_v2_2026-09-14: citation names a source family, not the exact controlling provision; or depends on State AIP/national law"
EASA-ATPLA-AL-000135,audit_v2_pending_provision_review,"JAA-Sets/Current_EASA_Air_Law_Audit_v2_2026-09-14: citation names a source family, not the exact controlling provision; or depends on State AIP/national law"
EASA-ATPLA-AL-000136,audit_v2_pending_provision_review,"JAA-Sets/Current_EASA_Air_Law_Audit_v2_2026-09-14: citation names a source family, not the exact controlling provision; or depends on State AIP/national law"
EASA-ATPLA-AL-000137,audit_v2_pending_provision_review,"JAA-Sets/Current_EASA_Air_Law_Audit_v2_2026-09-14: citation names a source family, not the exact controlling provision; or depends on State AIP/national law"
EASA-ATPLA-AL-000138,audit_v2_pending_provision_review,"JAA-Sets/Current_EASA_Air_Law_Audit_v2_2026-09-14: citation names a source family, not the exact controlling provision; or depends on State AIP/national law"
EASA-ATPLA-AL-000139,audit_v2_pending_provision_review,"JAA-Sets/Current_EASA_Air_Law_Audit_v2_2026-09-14: citation names a source family, not the exact controlling provision; or depends on State AIP/national law"
EASA-ATPLA-AL-000140,audit_v2_pending_provision_review,"JAA-Sets/Current_EASA_Air_Law_Audit_v2_2026-09-14: citation names a source family, not the exact controlling provision; or depends on State AIP/national law"
EASA-ATPLA-AL-000141,audit_v2_pending_provision_review,"JAA-Sets/Current_EASA_Air_Law_Audit_v2_2026-09-14: citation names a source family, not the exact controlling provision; or depends on State AIP/national law"
EASA-ATPLA-AL-000142,audit_v2_pending_provision_review,"JAA-Sets/Current_EASA_Air_Law_Audit_v2_2026-09-14: citation names a source family, not the exact controlling provision; or depends on State AIP/national law"
EASA-ATPLA-AL-000143,audit_v2_pending_provision_review,"JAA-Sets/Current_EASA_Air_Law_Audit_v2_2026-09-14: citation names a source family, not the exact controlling provision; or depends on State AIP/national law"
EASA-ATPLA-AL-000144,audit_v2_pending_provision_review,"JAA-Sets/Current_EASA_Air_Law_Audit_v2_2026-09-14: citation names a source family, not the exact controlling provision; or depends on State AIP/national law"
EASA-ATPLA-AL-000145,audit_v2_pending_provision_review,"JAA-Sets/Current_EASA_Air_Law_Audit_v2_2026-09-14: citation names a source family, not the exact controlling provision; or depends on State AIP/national law"
EASA-ATPLA-AL-000146,audit_v2_pending_provision_review,"JAA-Sets/Current_EASA_Air_Law_Audit_v2_2026-09-14: citation names a source family, not the exact controlling provision; or depends on State AIP/national law"
EASA-ATPLA-AL-000147,audit_v2_pending_provision_review,"JAA-Sets/Current_EASA_Air_Law_Audit_v2_2026-09-14: citation names a source family, not the exact controlling provision; or depends on State AIP/national law"
EASA-ATPLA-AL-000148,audit_v2_pending_provision_review,"JAA-Sets/Current_EASA_Air_Law_Audit_v2_2026-09-14: citation names a source family, not the exact controlling provision; or depends on State AIP/national law"
EASA-ATPLA-AL-000149,audit_v2_pending_provision_review,"JAA-Sets/Current_EASA_Air_Law_Audit_v2_2026-09-14: citation names a source family, not the exact controlling provision; or depends on State AIP/national law"
EASA-ATPLA-AL-000150,audit_v2_pending_provision_review,"JAA-Sets/Current_EASA_Air_Law_Audit_v2_2026-09-14: citation names a source family, not the exact controlling provision; or depends on State AIP/national law"
EASA-ATPLA-AL-000151,audit_v2_pending_provision_review,"JAA-Sets/Current_EASA_Air_Law_Audit_v2_2026-09-14: citation names a source family, not the exact controlling provision; or depends on State AIP/national law"
EASA-ATPLA-AL-000152,audit_v2_pending_provision_review,"JAA-Sets/Current_EASA_Air_Law_Audit_v2_2026-09-14: citation names a source family, not the exact controlling provision; or depends on State AIP/national law"
EASA-ATPLA-AL-000153,audit_v2_pending_provision_review,"JAA-Sets/Current_EASA_Air_Law_Audit_v2_2026-09-14: citation names a source family, not the exact controlling provision; or depends on State AIP/national law"
EASA-ATPLA-AL-000154,audit_v2_pending_provision_review,"JAA-Sets/Current_EASA_Air_Law_Audit_v2_2026-09-14: citation names a source family, not the exact controlling provision; or depends on State AIP/national law"
EASA-ATPLA-AL-000155,audit_v2_pending_provision_review,"JAA-Sets/Current_EASA_Air_Law_Audit_v2_2026-09-14: citation names a source family, not the exact controlling provision; or depends on State AIP/national law"
EASA-ATPLA-AL-000156,audit_v2_pending_provision_review,"JAA-Sets/Current_EASA_Air_Law_Audit_v2_2026-09-14: citation names a source family, not the exact controlling provision; or depends on State AIP/national law"
EASA-ATPLA-AL-000157,audit_v2_pending_provision_review,"JAA-Sets/Current_EASA_Air_Law_Audit_v2_2026-09-14: citation names a source family, not the exact controlling provision; or depends on State AIP/national law"
EASA-ATPLA-AL-000158,audit_v2_pending_provision_review,"JAA-Sets/Current_EASA_Air_Law_Audit_v2_2026-09-14: citation names a source family, not the exact controlling provision; or depends on State AIP/national law"
EASA-ATPLA-AL-000159,audit_v2_pending_provision_review,"JAA-Sets/Current_EASA_Air_Law_Audit_v2_2026-09-14: citation names a source family, not the exact controlling provision; or depends on State AIP/national law"
EASA-ATPLA-AL-000160,audit_v2_pending_provision_review,"JAA-Sets/Current_EASA_Air_Law_Audit_v2_2026-09-14: citation names a source family, not the exact controlling provision; or depends on State AIP/national law"
EASA-ATPLA-AL-000161,audit_v2_pending_provision_review,"JAA-Sets/Current_EASA_Air_Law_Audit_v2_2026-09-14: citation names a source family, not the exact controlling provision; or depends on State AIP/national law"
EASA-ATPLA-AL-000162,audit_v2_pending_provision_review,"JAA-Sets/Current_EASA_Air_Law_Audit_v2_2026-09-14: citation names a source family, not the exact controlling provision; or depends on State AIP/national law"
EASA-ATPLA-AL-000163,audit_v2_pending_provision_review,"JAA-Sets/Current_EASA_Air_Law_Audit_v2_2026-09-14: citation names a source family, not the exact controlling provision; or depends on State AIP/national law"
EASA-ATPLA-AL-000164,audit_v2_pending_provision_review,"JAA-Sets/Current_EASA_Air_Law_Audit_v2_2026-09-14: citation names a source family, not the exact controlling provision; or depends on State AIP/national law"
EASA-ATPLA-AL-000165,audit_v2_pending_provision_review,"JAA-Sets/Current_EASA_Air_Law_Audit_v2_2026-09-14: citation names a source family, not the exact controlling provision; or depends on State AIP/national law"
EASA-ATPLA-AL-000166,audit_v2_pending_provision_review,"JAA-Sets/Current_EASA_Air_Law_Audit_v2_2026-09-14: citation names a source family, not the exact controlling provision; or depends on State AIP/national law"
EASA-ATPLA-AL-000167,audit_v2_pending_provision_review,"JAA-Sets/Current_EASA_Air_Law_Audit_v2_2026-09-14: citation names a source family, not the exact controlling provision; or depends on State AIP/national law"
EASA-ATPLA-AL-000168,audit_v2_pending_provision_review,"JAA-Sets/Current_EASA_Air_Law_Audit_v2_2026-09-14: citation names a source family, not the exact controlling provision; or depends on State AIP/national law"
EASA-ATPLA-AL-000169,audit_v2_pending_provision_review,"JAA-Sets/Current_EASA_Air_Law_Audit_v2_2026-09-14: citation names a source family, not the exact controlling provision; or depends on State AIP/national law"
EASA-ATPLA-AL-000170,audit_v2_pending_provision_review,"JAA-Sets/Current_EASA_Air_Law_Audit_v2_2026-09-14: citation names a source family, not the exact controlling provision; or depends on State AIP/national law"
EASA-ATPLA-AL-000171,audit_v2_pending_provision_review,"JAA-Sets/Current_EASA_Air_Law_Audit_v2_2026-09-14: citation names a source family, not the exact controlling provision; or depends on State AIP/national law"
EASA-ATPLA-AL-000172,audit_v2_pending_provision_review,"JAA-Sets/Current_EASA_Air_Law_Audit_v2_2026-09-14: citation names a source family, not the exact controlling provision; or depends on State AIP/national law"
EASA-ATPLA-AL-000173,audit_v2_pending_provision_review,"JAA-Sets/Current_EASA_Air_Law_Audit_v2_2026-09-14: citation names a source family, not the exact controlling provision; or depends on State AIP/national law"
EASA-ATPLA-AL-000174,audit_v2_pending_provision_review,"JAA-Sets/Current_EASA_Air_Law_Audit_v2_2026-09-14: citation names a source family, not the exact controlling provision; or depends on State AIP/national law"
EASA-ATPLA-AL-000175,audit_v2_pending_provision_review,"JAA-Sets/Current_EASA_Air_Law_Audit_v2_2026-09-14: citation names a source family, not the exact controlling provision; or depends on State AIP/national law"
EASA-ATPLA-AL-000176,audit_v2_pending_provision_review,"JAA-Sets/Current_EASA_Air_Law_Audit_v2_2026-09-14: citation names a source family, not the exact controlling provision; or depends on State AIP/national law"
EASA-ATPLA-AL-000177,audit_v2_pending_provision_review,"JAA-Sets/Current_EASA_Air_Law_Audit_v2_2026-09-14: citation names a source family, not the exact controlling provision; or depends on State AIP/national law"
EASA-ATPLA-AL-000178,audit_v2_pending_provision_review,"JAA-Sets/Current_EASA_Air_Law_Audit_v2_2026-09-14: citation names a source family, not the exact controlling provision; or depends on State AIP/national law"
EASA-ATPLA-AL-000179,audit_v2_pending_provision_review,"JAA-Sets/Current_EASA_Air_Law_Audit_v2_2026-09-14: citation names a source family, not the exact controlling provision; or depends on State AIP/national law"
EASA-ATPLA-AL-000180,audit_v2_pending_provision_review,"JAA-Sets/Current_EASA_Air_Law_Audit_v2_2026-09-14: citation names a source family, not the exact controlling provision; or depends on State AIP/national law"
EASA-ATPLA-AL-000181,audit_v2_pending_provision_review,"JAA-Sets/Current_EASA_Air_Law_Audit_v2_2026-09-14: citation names a source family, not the exact controlling provision; or depends on State AIP/national law"
EASA-ATPLA-AL-000182,audit_v2_pending_provision_review,"JAA-Sets/Current_EASA_Air_Law_Audit_v2_2026-09-14: citation names a source family, not the exact controlling provision; or depends on State AIP/national law"
EASA-ATPLA-AL-000183,audit_v2_pending_provision_review,"JAA-Sets/Current_EASA_Air_Law_Audit_v2_2026-09-14: citation names a source family, not the exact controlling provision; or depends on State AIP/national law"
EASA-ATPLA-AL-000184,audit_v2_pending_provision_review,"JAA-Sets/Current_EASA_Air_Law_Audit_v2_2026-09-14: citation names a source family, not the exact controlling provision; or depends on State AIP/national law"
EASA-ATPLA-AL-000185,audit_v2_pending_provision_review,"JAA-Sets/Current_EASA_Air_Law_Audit_v2_2026-09-14: citation names a source family, not the exact controlling provision; or depends on State AIP/national law"
EASA-ATPLA-AL-000186,audit_v2_pending_provision_review,"JAA-Sets/Current_EASA_Air_Law_Audit_v2_2026-09-14: citation names a source family, not the exact controlling provision; or depends on State AIP/national law"
EASA-ATPLA-AL-000187,audit_v2_pending_provision_review,"JAA-Sets/Current_EASA_Air_Law_Audit_v2_2026-09-14: citation names a source family, not the exact controlling provision; or depends on State AIP/national law"
EASA-ATPLA-AL-000188,audit_v2_pending_provision_review,"JAA-Sets/Current_EASA_Air_Law_Audit_v2_2026-09-14: citation names a source family, not the exact controlling provision; or depends on State AIP/national law"
EASA-ATPLA-AL-000189,audit_v2_pending_provision_review,"JAA-Sets/Current_EASA_Air_Law_Audit_v2_2026-09-14: citation names a source family, not the exact controlling provision; or depends on State AIP/national law"
EASA-ATPLA-AL-000190,audit_v2_pending_provision_review,"JAA-Sets/Current_EASA_Air_Law_Audit_v2_2026-09-14: citation names a source family, not the exact controlling provision; or depends on State AIP/national law"
EASA-ATPLA-AL-000211,audit_v2_pending_provision_review,"JAA-Sets/Current_EASA_Air_Law_Audit_v2_2026-09-14: citation names a source family, not the exact controlling provision; or depends on State AIP/national law"
EASA-ATPLA-AL-000212,audit_v2_pending_provision_review,"JAA-Sets/Current_EASA_Air_Law_Audit_v2_2026-09-14: citation names a source family, not the exact controlling provision; or depends on State AIP/national law"
EASA-ATPLA-AL-000213,audit_v2_pending_provision_review,"JAA-Sets/Current_EASA_Air_Law_Audit_v2_2026-09-14: citation names a source family, not the exact controlling provision; or depends on State AIP/national law"
EASA-ATPLA-AL-000214,audit_v2_pending_provision_review,"JAA-Sets/Current_EASA_Air_Law_Audit_v2_2026-09-14: citation names a source family, not the exact controlling provision; or depends on State AIP/national law"
EASA-ATPLA-AL-000215,audit_v2_pending_provision_review,"JAA-Sets/Current_EASA_Air_Law_Audit_v2_2026-09-14: citation names a source family, not the exact controlling provision; or depends on State AIP/national law"
EASA-ATPLA-AL-000216,audit_v2_pending_provision_review,"JAA-Sets/Current_EASA_Air_Law_Audit_v2_2026-09-14: citation names a source family, not the exact controlling provision; or depends on State AIP/national law"
EASA-ATPLA-AL-000217,audit_v2_pending_provision_review,"JAA-Sets/Current_EASA_Air_Law_Audit_v2_2026-09-14: citation names a source family, not the exact controlling provision; or depends on State AIP/national law"
EASA-ATPLA-AL-000218,audit_v2_pending_provision_review,"JAA-Sets/Current_EASA_Air_Law_Audit_v2_2026-09-14: citation names a source family, not the exact controlling provision; or depends on State AIP/national law"
EASA-ATPLA-AL-000219,audit_v2_pending_provision_review,"JAA-Sets/Current_EASA_Air_Law_Audit_v2_2026-09-14: citation names a source family, not the exact controlling provision; or depends on State AIP/national law"
EASA-ATPLA-AL-000220,audit_v2_pending_provision_review,"JAA-Sets/Current_EASA_Air_Law_Audit_v2_2026-09-14: citation names a source family, not the exact controlling provision; or depends on State AIP/national law"
EASA-ATPLA-AL-000221,audit_v2_pending_provision_review,"JAA-Sets/Current_EASA_Air_Law_Audit_v2_2026-09-14: citation names a source family, not the exact controlling provision; or depends on State AIP/national law"
EASA-ATPLA-AL-000222,audit_v2_pending_provision_review,"JAA-Sets/Current_EASA_Air_Law_Audit_v2_2026-09-14: citation names a source family, not the exact controlling provision; or depends on State AIP/national law"
EASA-ATPLA-AL-000223,audit_v2_pending_provision_review,"JAA-Sets/Current_EASA_Air_Law_Audit_v2_2026-09-14: citation names a source family, not the exact controlling provision; or depends on State AIP/national law"
EASA-ATPLA-AL-000224,audit_v2_pending_provision_review,"JAA-Sets/Current_EASA_Air_Law_Audit_v2_2026-09-14: citation names a source family, not the exact controlling provision; or depends on State AIP/national law"
EASA-ATPLA-AL-000225,audit_v2_pending_provision_review,"JAA-Sets/Current_EASA_Air_Law_Audit_v2_2026-09-14: citation names a source family, not the exact controlling provision; or depends on State AIP/national law"
EASA-ATPLA-AL-000226,audit_v2_pending_provision_review,"JAA-Sets/Current_EASA_Air_Law_Audit_v2_2026-09-14: citation names a source family, not the exact controlling provision; or depends on State AIP/national law"
EASA-ATPLA-AL-000227,audit_v2_pending_provision_review,"JAA-Sets/Current_EASA_Air_Law_Audit_v2_2026-09-14: citation names a source family, not the exact controlling provision; or depends on State AIP/national law"
EASA-ATPLA-AL-000228,audit_v2_pending_provision_review,"JAA-Sets/Current_EASA_Air_Law_Audit_v2_2026-09-14: citation names a source family, not the exact controlling provision; or depends on State AIP/national law"
EASA-ATPLA-AL-000229,audit_v2_pending_provision_review,"JAA-Sets/Current_EASA_Air_Law_Audit_v2_2026-09-14: citation names a source family, not the exact controlling provision; or depends on State AIP/national law"
EASA-ATPLA-AL-000230,audit_v2_pending_provision_review,"JAA-Sets/Current_EASA_Air_Law_Audit_v2_2026-09-14: citation names a source family, not the exact controlling provision; or depends on State AIP/national law"
EASA-ATPLA-AL-000231,audit_v2_pending_provision_review,"JAA-Sets/Current_EASA_Air_Law_Audit_v2_2026-09-14: citation names a source family, not the exact controlling provision; or depends on State AIP/national law"
EASA-ATPLA-AL-000232,audit_v2_pending_provision_review,"JAA-Sets/Current_EASA_Air_Law_Audit_v2_2026-09-14: citation names a source family, not the exact controlling provision; or depends on State AIP/national law"
EASA-ATPLA-AL-000233,audit_v2_pending_provision_review,"JAA-Sets/Current_EASA_Air_Law_Audit_v2_2026-09-14: citation names a source family, not the exact controlling provision; or depends on State AIP/national law"
EASA-ATPLA-AL-000234,audit_v2_pending_provision_review,"JAA-Sets/Current_EASA_Air_Law_Audit_v2_2026-09-14: citation names a source family, not the exact controlling provision; or depends on State AIP/national law"
EASA-ATPLA-AL-000235,audit_v2_pending_provision_review,"JAA-Sets/Current_EASA_Air_Law_Audit_v2_2026-09-14: citation names a source family, not the exact controlling provision; or depends on State AIP/national law"
EASA-ATPLA-AL-000236,audit_v2_pending_provision_review,"JAA-Sets/Current_EASA_Air_Law_Audit_v2_2026-09-14: citation names a source family, not the exact controlling provision; or depends on State AIP/national law"
EASA-ATPLA-AL-000237,audit_v2_pending_provision_review,"JAA-Sets/Current_EASA_Air_Law_Audit_v2_2026-09-14: citation names a source family, not the exact controlling provision; or depends on State AIP/national law"
EASA-ATPLA-AL-000238,audit_v2_pending_provision_review,"JAA-Sets/Current_EASA_Air_Law_Audit_v2_2026-09-14: citation names a source family, not the exact controlling provision; or depends on State AIP/national law"
EASA-ATPLA-AL-000239,audit_v2_pending_provision_review,"JAA-Sets/Current_EASA_Air_Law_Audit_v2_2026-09-14: citation names a source family, not the exact controlling provision; or depends on State AIP/national law"
EASA-ATPLA-AL-000240,audit_v2_pending_provision_review,"JAA-Sets/Current_EASA_Air_Law_Audit_v2_2026-09-14: citation names a source family, not the exact controlling provision; or depends on State AIP/national law"
EASA-ATPLA-AL-000241,audit_v2_pending_provision_review,"JAA-Sets/Current_EASA_Air_Law_Audit_v2_2026-09-14: citation names a source family, not the exact controlling provision; or depends on State AIP/national law"
EASA-ATPLA-AL-000242,audit_v2_pending_provision_review,"JAA-Sets/Current_EASA_Air_Law_Audit_v2_2026-09-14: citation names a source family, not the exact controlling provision; or depends on State AIP/national law"
EASA-ATPLA-AL-000243,audit_v2_pending_provision_review,"JAA-Sets/Current_EASA_Air_Law_Audit_v2_2026-09-14: citation names a source family, not the exact controlling provision; or depends on State AIP/national law"
EASA-ATPLA-AL-000244,audit_v2_pending_provision_review,"JAA-Sets/Current_EASA_Air_Law_Audit_v2_2026-09-14: citation names a source family, not the exact controlling provision; or depends on State AIP/national law"
EASA-ATPLA-AL-000245,audit_v2_pending_provision_review,"JAA-Sets/Current_EASA_Air_Law_Audit_v2_2026-09-14: citation names a source family, not the exact controlling provision; or depends on State AIP/national law"
EASA-ATPLA-AL-000246,audit_v2_pending_provision_review,"JAA-Sets/Current_EASA_Air_Law_Audit_v2_2026-09-14: citation names a source family, not the exact controlling provision; or depends on State AIP/national law"
EASA-ATPLA-AL-000247,audit_v2_pending_provision_review,"JAA-Sets/Current_EASA_Air_Law_Audit_v2_2026-09-14: citation names a source family, not the exact controlling provision; or depends on State AIP/national law"
EASA-ATPLA-AL-000248,audit_v2_pending_provision_review,"JAA-Sets/Current_EASA_Air_Law_Audit_v2_2026-09-14: citation names a source family, not the exact controlling provision; or depends on State AIP/national law"
EASA-ATPLA-AL-000249,audit_v2_pending_provision_review,"JAA-Sets/Current_EASA_Air_Law_Audit_v2_2026-09-14: citation names a source family, not the exact controlling provision; or depends on State AIP/national law"
EASA-ATPLA-AL-000250,audit_v2_pending_provision_review,"JAA-Sets/Current_EASA_Air_Law_Audit_v2_2026-09-14: citation names a source family, not the exact controlling provision; or depends on State AIP/national law"
EASA-ATPLA-AL-000251,audit_v2_pending_provision_review,"JAA-Sets/Current_EASA_Air_Law_Audit_v2_2026-09-14: citation names a source family, not the exact controlling provision; or depends on State AIP/national law"
EASA-ATPLA-AL-000252,audit_v2_pending_provision_review,"JAA-Sets/Current_EASA_Air_Law_Audit_v2_2026-09-14: citation names a source family, not the exact controlling provision; or depends on State AIP/national law"
EASA-ATPLA-AL-000253,audit_v2_pending_provision_review,"JAA-Sets/Current_EASA_Air_Law_Audit_v2_2026-09-14: citation names a source family, not the exact controlling provision; or depends on State AIP/national law"
EASA-ATPLA-AL-000254,audit_v2_pending_provision_review,"JAA-Sets/Current_EASA_Air_Law_Audit_v2_2026-09-14: citation names a source family, not the exact controlling provision; or depends on State AIP/national law"
EASA-ATPLA-AL-000255,audit_v2_pending_provision_review,"JAA-Sets/Current_EASA_Air_Law_Audit_v2_2026-09-14: citation names a source family, not the exact controlling provision; or depends on State AIP/national law"
EASA-ATPLA-AL-000256,audit_v2_pending_provision_review,"JAA-Sets/Current_EASA_Air_Law_Audit_v2_2026-09-14: citation names a source family, not the exact controlling provision; or depends on State AIP/national law"
EASA-ATPLA-AL-000257,audit_v2_pending_provision_review,"JAA-Sets/Current_EASA_Air_Law_Audit_v2_2026-09-14: citation names a source family, not the exact controlling provision; or depends on State AIP/national law"
EASA-ATPLA-AL-000258,audit_v2_pending_provision_review,"JAA-Sets/Current_EASA_Air_Law_Audit_v2_2026-09-14: citation names a source family, not the exact controlling provision; or depends on State AIP/national law"
EASA-ATPLA-AL-000259,audit_v2_pending_provision_review,"JAA-Sets/Current_EASA_Air_Law_Audit_v2_2026-09-14: citation names a source family, not the exact controlling provision; or depends on State AIP/national law"
EASA-ATPLA-AL-000260,audit_v2_pending_provision_review,"JAA-Sets/Current_EASA_Air_Law_Audit_v2_2026-09-14: citation names a source family, not the exact controlling provision; or depends on State AIP/national law"
EASA-ATPLA-AL-000261,audit_v2_pending_provision_review,"JAA-Sets/Current_EASA_Air_Law_Audit_v2_2026-09-14: citation names a source family, not the exact controlling provision; or depends on State AIP/national law"
EASA-ATPLA-AL-000262,audit_v2_pending_provision_review,"JAA-Sets/Current_EASA_Air_Law_Audit_v2_2026-09-14: citation names a source family, not the exact controlling provision; or depends on State AIP/national law"
EASA-ATPLA-AL-000263,audit_v2_pending_provision_review,"JAA-Sets/Current_EASA_Air_Law_Audit_v2_2026-09-14: citation names a source family, not the exact controlling provision; or depends on State AIP/national law"
EASA-ATPLA-AL-000264,audit_v2_pending_provision_review,"JAA-Sets/Current_EASA_Air_Law_Audit_v2_2026-09-14: citation names a source family, not the exact controlling provision; or depends on State AIP/national law"
EASA-ATPLA-AL-000265,audit_v2_pending_provision_review,"JAA-Sets/Current_EASA_Air_Law_Audit_v2_2026-09-14: citation names a source family, not the exact controlling provision; or depends on State AIP/national law"
EASA-ATPLA-AL-000266,audit_v2_pending_provision_review,"JAA-Sets/Current_EASA_Air_Law_Audit_v2_2026-09-14: citation names a source family, not the exact controlling provision; or depends on State AIP/national law"
EASA-ATPLA-AL-000267,audit_v2_pending_provision_review,"JAA-Sets/Current_EASA_Air_Law_Audit_v2_2026-09-14: citation names a source family, not the exact controlling provision; or depends on State AIP/national law"
EASA-ATPLA-AL-000268,audit_v2_pending_provision_review,"JAA-Sets/Current_EASA_Air_Law_Audit_v2_2026-09-14: citation names a source family, not the exact controlling provision; or depends on State AIP/national law"
EASA-ATPLA-AL-000269,audit_v2_pending_provision_review,"JAA-Sets/Current_EASA_Air_Law_Audit_v2_2026-09-14: citation names a source family, not the exact controlling provision; or depends on State AIP/national law"
EASA-ATPLA-AL-000270,audit_v2_pending_provision_review,"JAA-Sets/Current_EASA_Air_Law_Audit_v2_2026-09-14: citation names a source family, not the exact controlling provision; or depends on State AIP/national law"
