question_id,topic,reason
TC-GPL-AERO-000013,OPERATIONAL_PROCEDURES,wake turbulence
TC-GPL-AERO-000024,PRINCIPLES_OF_FLIGHT,stall speed
TC-GPL-AERO-000025,PRINCIPLES_OF_FLIGHT,load factor
TC-GPL-AERO-000026,PRINCIPLES_OF_FLIGHT,stall speed vs altitude
TC-GPL-AERO-000031,OPERATIONAL_PROCEDURES,spoiler use on approach
TC-GPL-AERO-000032,OPERATIONAL_PROCEDURES,wind gradient approach technique
TC-RPPPPLA-AGK-000026,AGK_POWERPLANT,fuel grade / detonation
TC-RPPPPLA-AGK-000027,AGK_POWERPLANT,dual ignition
TC-RPPPPLA-AGK-000028,AGK_POWERPLANT,carb heat
TC-RPPPPLA-AGK-000029,AGK_POWERPLANT,carb icing
TC-RPPPPLA-AGK-000030,AGK_POWERPLANT,carb icing
TC-RPPPPLA-AGK-000031,AGK_POWERPLANT,plug fouling at idle
TC-RPPPPLA-AGK-000033,INSTRUMENTS,altimeter
TC-RPPPPLA-AGK-000034,INSTRUMENTS,altimeter setting error
TC-RPPPPLA-AGK-000035,HUMAN_PERFORMANCE,hypoxia
TC-RPPPPLA-AGK-000036,HUMAN_PERFORMANCE,empty-field myopia
TC-RPPPPLA-AGK-000037,HUMAN_PERFORMANCE,alcohol
TC-RPPPPLA-AGK-000038,HUMAN_PERFORMANCE,runway slope illusion
TC-RPPPPLA-AGK-000039,HUMAN_PERFORMANCE,downwind turn illusion
TC-RPPPPLA-AGK-000040,OPERATIONAL_PROCEDURES,wheelbarrowing
TC-RPPPPLA-AGK-000041,OPERATIONAL_PROCEDURES,wake turbulence
TC-RPPPPLA-AGK-000042,METEOROLOGY,wind shear
TC-RPPPPLA-AGK-000043,INSTRUMENTS,ASI markings
TC-RPPPPLA-AGK-000044,INSTRUMENTS,turn coordinator
TC-RPPPPLA-AGK-000045,INSTRUMENTS,compass errors
TC-RPPPPLA-AGK-000046,PERFORMANCE,pressure altitude
TC-RPPPPLA-AGK-000047,PERFORMANCE,density altitude
TC-RPPPPLA-AGK-000048,PERFORMANCE,crosswind component
FAA-PAR-AERO-000102,PRINCIPLES_OF_FLIGHT,load factor in a 60° bank (subject label says Performance and Limitations)
FAA-PAR-SYS-000105,INSTRUMENTS,pitot blockage / ASI error
FAA-PAR-SYS-000106,INSTRUMENTS,static blockage / altimeter error
FAA-PAR-NAV-000114,AIR_LAW,VFR cruising altitudes are a rule (14 CFR 91.159)
FAA-PAR-REG-000115,AIR_LAW,preflight action is a rule (14 CFR 91.103)
FAA-FIA-OPS-000001,OPERATIONAL_PROCEDURES,mid-air collision risk environment
