question_id,image_status,image_path,problems
EASA-ATPLA-NAV-000114,missing,,missing image_id; missing image_path; missing image_source_title; missing image_license; missing image_copyright_status; missing image_attribution; missing image_alt_text; missing image_width; missing image_height; file not found; technical image review pending; accessibility review pending
EASA-ATPLA-NAV-000115,missing,,missing image_id; missing image_path; missing image_source_title; missing image_license; missing image_copyright_status; missing image_attribution; missing image_alt_text; missing image_width; missing image_height; file not found; technical image review pending; accessibility review pending
EASA-ATPLA-NAV-000116,missing,,missing image_id; missing image_path; missing image_source_title; missing image_license; missing image_copyright_status; missing image_attribution; missing image_alt_text; missing image_width; missing image_height; file not found; technical image review pending; accessibility review pending
EASA-ATPLA-NAV-000117,missing,,missing image_id; missing image_path; missing image_source_title; missing image_license; missing image_copyright_status; missing image_attribution; missing image_alt_text; missing image_width; missing image_height; file not found; technical image review pending; accessibility review pending
EASA-ATPLA-NAV-000118,missing,,missing image_id; missing image_path; missing image_source_title; missing image_license; missing image_copyright_status; missing image_attribution; missing image_alt_text; missing image_width; missing image_height; file not found; technical image review pending; accessibility review pending
EASA-ATPLA-NAV-000119,missing,,missing image_id; missing image_path; missing image_source_title; missing image_license; missing image_copyright_status; missing image_attribution; missing image_alt_text; missing image_width; missing image_height; file not found; technical image review pending; accessibility review pending
EASA-ATPLA-NAV-000137,missing,,missing image_id; missing image_path; missing image_source_title; missing image_license; missing image_copyright_status; missing image_attribution; missing image_alt_text; missing image_width; missing image_height; file not found; technical image review pending; accessibility review pending
EASA-ATPLA-NAV-000138,missing,,missing image_id; missing image_path; missing image_source_title; missing image_license; missing image_copyright_status; missing image_attribution; missing image_alt_text; missing image_width; missing image_height; file not found; technical image review pending; accessibility review pending
EASA-ATPLA-NAV-000139,missing,,missing image_id; missing image_path; missing image_source_title; missing image_license; missing image_copyright_status; missing image_attribution; missing image_alt_text; missing image_width; missing image_height; file not found; technical image review pending; accessibility review pending
EASA-ATPLA-NAV-000140,missing,,missing image_id; missing image_path; missing image_source_title; missing image_license; missing image_copyright_status; missing image_attribution; missing image_alt_text; missing image_width; missing image_height; file not found; technical image review pending; accessibility review pending
EASA-ATPLA-NAV-000175,missing,,missing image_id; missing image_path; missing image_source_title; missing image_license; missing image_copyright_status; missing image_attribution; missing image_alt_text; missing image_width; missing image_height; file not found; technical image review pending; accessibility review pending
EASA-ATPLA-NAV-000176,missing,,missing image_id; missing image_path; missing image_source_title; missing image_license; missing image_copyright_status; missing image_attribution; missing image_alt_text; missing image_width; missing image_height; file not found; technical image review pending; accessibility review pending
EASA-ATPLA-NAV-000177,missing,,missing image_id; missing image_path; missing image_source_title; missing image_license; missing image_copyright_status; missing image_attribution; missing image_alt_text; missing image_width; missing image_height; file not found; technical image review pending; accessibility review pending
EASA-ATPLA-NAV-000178,missing,,missing image_id; missing image_path; missing image_source_title; missing image_license; missing image_copyright_status; missing image_attribution; missing image_alt_text; missing image_width; missing image_height; file not found; technical image review pending; accessibility review pending
EASA-ATPLA-RNAV-000043,missing,,missing image_id; missing image_path; missing image_source_title; missing image_license; missing image_copyright_status; missing image_attribution; missing image_alt_text; missing image_width; missing image_height; file not found; technical image review pending; accessibility review pending
EASA-ATPLA-RNAV-000044,missing,,missing image_id; missing image_path; missing image_source_title; missing image_license; missing image_copyright_status; missing image_attribution; missing image_alt_text; missing image_width; missing image_height; file not found; technical image review pending; accessibility review pending
EASA-ATPLA-RNAV-000045,missing,,missing image_id; missing image_path; missing image_source_title; missing image_license; missing image_copyright_status; missing image_attribution; missing image_alt_text; missing image_width; missing image_height; file not found; technical image review pending; accessibility review pending
EASA-ATPLA-RNAV-000046,missing,,missing image_id; missing image_path; missing image_source_title; missing image_license; missing image_copyright_status; missing image_attribution; missing image_alt_text; missing image_width; missing image_height; file not found; technical image review pending; accessibility review pending
EASA-ATPLA-RNAV-000085,missing,,missing image_id; missing image_path; missing image_source_title; missing image_license; missing image_copyright_status; missing image_attribution; missing image_alt_text; missing image_width; missing image_height; file not found; technical image review pending; accessibility review pending
EASA-ATPLA-RNAV-000086,missing,,missing image_id; missing image_path; missing image_source_title; missing image_license; missing image_copyright_status; missing image_attribution; missing image_alt_text; missing image_width; missing image_height; file not found; technical image review pending; accessibility review pending
EASA-ATPLA-RNAV-000087,missing,,missing image_id; missing image_path; missing image_source_title; missing image_license; missing image_copyright_status; missing image_attribution; missing image_alt_text; missing image_width; missing image_height; file not found; technical image review pending; accessibility review pending
EASA-ATPLA-RNAV-000088,missing,,missing image_id; missing image_path; missing image_source_title; missing image_license; missing image_copyright_status; missing image_attribution; missing image_alt_text; missing image_width; missing image_height; file not found; technical image review pending; accessibility review pending
FAA-CAX-OPS-000016,ready,data/faa/cax/en/media/akts1e_fig61_taxi_sign_cropped.png,ok
FAA-FIA-AERO-000043,ready,data/faa/fia/en/media/akts5h_fig17_velocity_load_factor.png,ok
FAA-FIA-AERO-000072,ready,data/faa/fia/en/media/akts5h_fig18_stall_speed_vs_load_factor.png,ok
FAA-FIA-MET-000017,ready,data/faa/fia/en/media/akts5h_fig7_winds_aloft.png,ok
FAA-FIA-NAV-000076,ready,data/faa/fia/en/media/akts5h_fig30_wind_component_chart.png,ok
FAA-PAR-PERF-000044,ready,data/faa/par/en/media/akts2h_fig8_density_altitude_chart.png,ok
FAA-PRH-PERF-000034,ready,data/faa/prh/en/media/akts2h_fig8_density_altitude_chart.png,ok
FAA-PRH-SYS-000014,ready,data/faa/prh/en/media/akts2h_fig4_airspeed_indicator.png,ok
FAA-UAG-AERO-000007,ready,data/faa/uag/en/media/akts2h_fig2_load_factor_chart.png,ok
TC-RPPPPLA-AGK-000043,ready,data/transport-canada/rpp-ppl-a/aeronautics-general-knowledge/en/media/tp13014_appendix_p23_airspeed_turn_coordinator.png,image rights forbid commercial use; technical image review pending; accessibility review pending
TC-RPPPPLA-AGK-000044,ready,data/transport-canada/rpp-ppl-a/aeronautics-general-knowledge/en/media/tp13014_appendix_p23_airspeed_turn_coordinator.png,image rights forbid commercial use; technical image review pending; accessibility review pending
TC-RPPPPLA-AGK-000048,ready,data/transport-canada/rpp-ppl-a/aeronautics-general-knowledge/en/media/tp13014_appendix_p24_crosswind_graph2.png,image rights forbid commercial use; technical image review pending; accessibility review pending
