authority_id,authority_name,abbreviation,country,jurisdiction,official_website,tier,inventory_status,notes
EASA,European Union Aviation Safety Agency,EASA,,"EU Member States plus associated states applying Part-FCL (e.g. Iceland, Norway, Liechtenstein, Switzerland)",https://www.easa.europa.eu,primary,source_audit_partial_2026-09-10,"Regulates flight crew licensing via Regulation (EU) No 1178/2011 (Part-FCL). Maintains the confidential European Central Question Bank (ECQB) used by member-state exam authorities - ECQB content is restricted, not public. Website verified live 2026-09-10 by research fork. NOTE: this fork wrote directly to this CSV file instead of returning a full report as instructed, and in doing so overwrote (and this row restores) other authorities' entries - its own full exam-system/subject/source breakdown for EASA has not yet been received as a report; treat EASA source_register/copyright_audit entries as still pending until that detail arrives."
UK-CAA,UK Civil Aviation Authority,UK CAA,United Kingdom,United Kingdom,https://www.caa.co.uk,primary,source_audited_2026-09-10,"Post-Brexit UK retained/amended version of Part-FCL (UK Reg (EU) 1178/2011 as amended); licensing guidance consolidated in CAP 804 (exact current URL still unconfirmed). UPDATE 2026-09-10: successfully downloaded and text-extracted two official UK CAA syllabus PDFs: CAP 1298 'Alternative Means of Compliance 1 FCL.210; FCL.215 - Syllabus of Theoretical Knowledge and Flight Training for the PPL(A)' (published May 2015) and the equivalent PPL(H) version. CAUTION ON CURRENCY: this document is dated 2015 and explicitly describes itself as an AltMoC (an alternative training organisations may optionally adopt, alongside the standard AMC1 FCL.210.A) - it should NOT be assumed to be the current mandatory UK CAA syllabus without checking for a more recent publication; however its detailed subject/topic breakdown (1 Air Law, 2 Human Performance, 3 Meteorology, ... with named sub-topics) closely mirrors EASA Part-FCL's 9 PPL(A) subjects and is a reasonable basis for original_syllabus_aligned questions with the currency caveat disclosed."
FAA,Federal Aviation Administration,FAA,United States,United States,https://www.faa.gov,primary,source_audited_2026-09-10,"RESOLVED SESSION LIMITATION: the earlier HTTP 403 was WebFetch-tool-specific bot-blocking (Akamai edge protection reacting to the fetcher's signature), not an actual access restriction on these public documents — curl with a standard browser User-Agent succeeds (HTTP 200) on the same URLs. Exam systems confirmed via directly-fetched documents: Private Pilot-Airplane (PAR), Commercial Pilot-Airplane (CAX), Private Pilot-Helicopter (PRH), Flight Instructor-Airplane (FIA), Remote Pilot-sUAS/Part 107 (UAG) - official term 'Airman Knowledge Testing' (AKT) under Airman Certification Standards (ACS), 14 CFR Parts 61/141/107. FAA's own PAR sample-question document confirms: current live/'actual test' questions are NOT publicly released (confidential item pool); the published sample sets ('suitable study material,' 'not necessarily actual test questions') ARE official_sample and carry real per-question ACS codes (e.g. PA.I.B.K1b) linking to the ACS Task Elements, but do NOT include an answer key - correct answers for extracted questions were independently determined by this project. 41 of 61 PAR questions extracted (data/faa/par/en/); CAX/PRH/FIA/UAG downloaded and text-extracted but not yet mined. 17 U.S.C. 105 confirmed applicable: FAA states are U.S. Government works, public domain."
TRANSPORT-CANADA,Transport Canada Civil Aviation,TCCA,Canada,Canada,https://tc.canada.ca,primary,source_audited_2026-09-10,"Fetched successfully (unlike FAA). Official term: 'Study and Reference Guide for Written Examinations.' Personnel licensing under CARs Part IV Subpart 421. Exam systems confirmed: PSTAR (Student Pilot Permit / foreign & military PPL applicants, TP 11919E), PPL-A (TP 12880E, 6th ed. May 2025), CPL-A (TP 12881E, 7th ed. Aug 2026), ATPL-A (TP 690, 21st ed. Mar 2016, two exams SARON/SAMRA), Recreational Pilot Permit (shares TP 13014 sample exam with PPL-A). HIGH-VALUE FIND: TP 13014 'Civil Aviation Sample Examination - RPP/PPL(A)' (4th ed. Nov 2008, copyright 2005) contains 100 REAL multiple-choice questions + full answer key (Air Law 20, Gen Knowledge 30, Meteorology 30, Navigation 20; 4 options each), Crown Copyright with explicit permission for personal/public NON-COMMERCIAL reuse with attribution (commercial reuse needs Crown Copyright Clearance) - candidate for official_sample provenance, extraction not yet performed."
CASA,Civil Aviation Safety Authority,CASA,Australia,Australia,https://www.casa.gov.au,primary,source_audit_partial_2026-09-10,"SESSION LIMITATION (retried twice, both attempts): casa.gov.au is unreachable from this environment (WebFetch timeout, and a direct curl attempt returned a connection failure/HTTP 000 - this looks like a network-level block on the casa.gov.au domain from this sandbox, not a bot-detection challenge like FAA's, so the FAA workaround does not apply here). All findings below remain search-snippet-derived only (reliability: secondary_official pending fetch, not primary_official). Licences confirmed under CASR Part 61: Recreational Pilot Licence (RPL), Private Pilot Licence (PPL - Aeroplane/Helicopter), Commercial Pilot Licence (CPL), Air Transport Pilot Licence (ATPL, CASA does not suffix with (A)/(H) - category is separate), Instrument Rating / IREX exam. Syllabus in CASR Part 61 Manual of Standards (MOS) Schedule 3 / Day VFR Syllabus (DVS): Air Law, Meteorology, Navigation, Aerodynamics/Principles of Flight, Aircraft Performance, Human Factors, Aircraft General Knowledge (exact official codes not yet fetched). Pass mark ~70%% is an UNVERIFIED third-party (pilotpracticeexams.com) figure, not primary-sourced. CONFIRMED RESTRICTED: CASA theory exams are 'closed tests' - live item bank not publicly released; multiple commercial third-party sites (pilotpracticeexams.com, thepilotexam.com, pplprep.com, open-exam-prep.com, Docsity/Scribd uploads) sell reconstructed CASA-style questions - restricted_do_not_use, never to be used as a source."
CAA-NZ,Civil Aviation Authority of New Zealand,CAA NZ,New Zealand,New Zealand,https://www.aviation.govt.nz,primary,source_audit_partial_2026-09-10,"SESSION LIMITATION (confirmed): aviation.govt.nz is protected by Incapsula, an active bot-challenge/WAF service (confirmed via a direct curl attempt on the AC61-3 PDF, which returned an Incapsula JS-challenge HTML stub rather than the file) - this is a genuine anti-automation access control, NOT a simple bot-signature issue like FAA's, so per project rules it was NOT bypassed or worked around. Findings remain search-snippet-derived (secondary_official pending fetch). Rules/licensing content published at aviation.govt.nz; corporate/payment functions at caa.govt.nz. Licences confirmed under Civil Aviation Rules Part 61: Student Pilot, PPL (syllabus per AC61-3), CPL (syllabus per AC61-5), ATPL, Instrument Rating (AC61-17, Part 61 Subpart Q). Current rule version not independently confirmed (search surfaced Amendment 7, Amendment 9, and a note that updated rules took effect 2025-04-05 adding an NVIS rating - needs direct fetch of consolidated Part 61 PDF to confirm current amendment number). No evidence of any publicly released official theory-exam questions found; no prominent commercial reconstructed-question sites found either (unlike CASA)."
SHGM,Sivil Havacilik Genel Mudurlugu (Directorate General of Civil Aviation),SHGM,Turkiye,Turkiye,https://web.shgm.gov.tr,primary,source_audited_2026-09-10,"Website re-verified live. Licences confirmed (Turkish/English): SPL Ogrenci Pilot Lisansi, PPL Hususi Pilot Lisansi, CPL Ticari Pilot Lisansi, ATPL Havayolu Nakliye Pilotu Lisansi, GPL Planor Pilot Lisansi, FI Ucus Ogretmenligi, TRI Tip Ogretmenlik Yetkisi. Regulatory basis: SHT-FCL (Turkiye's Part-FCL implementation of Reg (EU) 1178/2011), pub. 2024-09-04, amended 2025. Theory exam instruction: SHT-1TBS, effective 2025-08-13 (PPL theory = min 120 questions, max 6h, pass mark 75/100). CRITICAL: SHGM theory exam questions are drawn from the EASA European Central Question Bank (ECQB) - confidential, restricted_do_not_use if ever encountered; SHGM's own PPL exam page confirms no public sample questions for standard licences. Drone (iHA) exam questions exist only behind an authenticated portal (iha.shgm.gov.tr) - not accessed. No explicit site-wide reuse/licence statement confirmed yet for regulation PDFs - treat as provenance_uncertain beyond citation until SHGM's privacy/terms PDF is reviewed. UPDATE 2026-09-10: SHT-1TBS (8-page PDF) successfully downloaded and text-extracted. Confirms (Turkish text, machine-read by this project, NOT reviewed by a qualified Turkish-fluent human - treat with corresponding caution): the instruction governs exam evaluation for aeroplane/helicopter/very-light-aircraft/balloon licences, instrument rating, licence upgrades, and ICAO Annex 1-to-Part-FCL conversions/validations; legal basis includes Turkish Civil Aviation Law No. 2920 (1983), SHY-1 Pilot Licence Regulation (2017), and SHT-FCL (2017). Full article-by-article exam-structure detail (pass marks, question counts per subject) not yet transcribed from the extracted Turkish text."
SACAA,South African Civil Aviation Authority,SACAA,South Africa,South Africa,https://www.caa.co.za,primary,source_audited_2026-09-10,"Website re-verified live. Established under the Civil Aviation Act, 2009 (Act No. 13 of 2009). Licences confirmed: SPL, PPL(A)/(H), CPL(A)/(H), ATPL(A)/(H), Remote Pilot Certificate (RPC), National Pilot Licence (Part 62 - conventional/weight-shift/gyroplane/LSA/hang-glider/paraglider), Instrument/night/type ratings, Flight Instructor Grades I-III, Designated Examiner, Radio Telephony Operator Certificate. Regulatory basis: CAR Part 61 (general/commercial) and Part 62 (recreational), implemented via SA-CATS 61/62/64/66/71; theory syllabus in SA-CATS 61 Appendix 1.0 (PPL), 2.0A (CPL), 2.0B (ATPL) per the dedicated SACAA research pass - NOTE: a separate, less-detailed research pass (the EASA/UK-CAA fork, which was not assigned SACAA) independently produced a conflicting citation of 'Appendix 1.5 to SA-CATS-FCL 61' for the exam syllabus; that citation was NOT independently verified by direct fetch this session and is flagged here as unresolved rather than silently adopted - see reports/unresolved_issues.md. Individual appendix PDF URLs not yet individually verified. Official published study manuals found (Meteorology, Flight Planning & Performance CAP696/697/698, Navigation) but NO official released sample questions found. Multiple third-party commercial prep sites claiming SACAA/CQB-aligned content identified but NOT accessed/scraped (third_party_reference_only). SACAA Terms of Use PDF not yet reviewed - reuse of regulation text beyond citation is provenance_uncertain pending that review. UPDATE 2026-09-10: 'Appendix 2.0 B to SA-CATS 61 - Airline Transport Pilot Licence syllabus' (637KB PDF, 3370 lines) successfully downloaded from SACAA's own caasanwebsitestorage.blob.core.windows.net domain and text-extracted in full. Confirms real, numbered learning-objective structure (e.g. 1. AVIATION METEOROLOGY, 1.1 THE ATMOSPHERE, 1.2 PRESSURE, 1.2.1 Atmospheric pressure, 1.2.2 Pressure systems, etc.) with separate Aeroplane (A) / Helicopter (H) applicability columns - a strong basis for genuinely syllabus-cited original_syllabus_aligned SACAA questions in a future batch. This document is the ATPL syllabus specifically; PPL (Appendix 1.0) and CPL (Appendix 2.0A) were not fetched this session."
DGCA-INDIA,Directorate General of Civil Aviation (India),DGCA,India,India,https://www.dgca.gov.in,other,identified,"Official website verified live this session (WebSearch, 2026-09-10). Exam-system/source audit not yet performed."
CAAC,Civil Aviation Administration of China,CAAC,China,China,http://www.caac.gov.cn,other,identified,"Official website identified this session; English portal at caac.gov.cn/English. Not independently WebFetch-verified - treat URL as provisional until fetched. Exam-system/source audit not yet performed."
JCAB-JAPAN,Japan Civil Aviation Bureau (Ministry of Land Infrastructure Transport and Tourism),JCAB / MLIT,Japan,Japan,https://www.mlit.go.jp/koku/,other,identified,"JCAB operates within MLIT; no standalone JCAB domain found. Notable finding: MLIT publishes a page titled (ja) 'Aviation personnel written-exam answers and past questions' at https://www.mlit.go.jp/koku/koku_fr10_000025.html - potential official_released source, NOT yet content-reviewed, Japanese-language, needs qualified review before any extraction (see reports/unresolved_issues.md)."
ANAC-BRAZIL,Agencia Nacional de Aviacao Civil,ANAC,Brazil,Brazil,https://www.gov.br/anac/pt-br,other,identified,"Official website verified live this session. Exam-system/source audit not yet performed. Regulation family: RBAC 61."
GCAA-UAE,General Civil Aviation Authority,GCAA,United Arab Emirates,United Arab Emirates,https://www.gcaa.gov.ae,other,identified,"Official website and a CAR-FCL Flight Crew Licensing regulation PDF located this session (Issue 04). Exam-system/source audit not yet performed."
GACA,General Authority of Civil Aviation,GACA,Saudi Arabia,Saudi Arabia,https://www.gaca.gov.sa,other,identified,"Official website and licensing department page located this session. Exam-system/source audit not yet performed."
FOCA-SWITZERLAND,Federal Office of Civil Aviation (Bundesamt fur Zivilluftfahrt / BAZL),FOCA / BAZL,Switzerland,Switzerland,https://www.bazl.admin.ch,other,identified,"Switzerland applies EASA Part-FCL via bilateral agreement despite being outside the EU; official pilot-licence page located this session. Exam-system/source audit not yet performed."
CAAS-SINGAPORE,Civil Aviation Authority of Singapore,CAAS,Singapore,Singapore,https://www.caas.gov.sg,other,identified,"Official website and personnel-licensing/flight-crew pages located this session (PPL/CPL/ATPL pages confirmed to exist). Exam-system/source audit not yet performed."
