source_id,publisher,licence_type_found,commercial_use_allowed,attribution_required,verbatim_reuse_allowed,risk_level,recommended_treatment,notes
SRC-EASA-ECQB-PAGE,EASA,none stated / confidential exam bank,no,n/a,no,high,restricted_do_not_use,ECQB questions are distributed only to authorised ATOs/exam authorities. Never scrape or reproduce; only the fact of its existence may be recorded.
SRC-EASA-EASYACCESS-AIRCREW,EASA,EU law consolidation (regulation text itself is public EU law; EASA's typographic compilation may carry its own terms),unclear — not confirmed this session,recommended,unclear,medium,third_party_reference_only_pending_verification,Regulation (EU) 1178/2011 text is public EU law and may be cited/quoted for reference and to ground original questions' regulation_reference fields; EASA's specific 'Easy Access Rules' PDF compilation layout/commentary may carry separate terms not yet confirmed — re-fetch and confirm before verbatim reuse of EASA's own formatting/commentary.
SRC-UKCAA-PPLA-PAGE,UK CAA,Crown copyright (standard UK.gov position; not page-specific confirmed),unclear,yes (if Open Government Licence applies),unclear,medium,third_party_reference_only_pending_verification,"UK Crown-copyrighted material is often available under the Open Government Licence (OGL), but CAA charges for some publications (e.g. CAP documents) and the OGL applicability was not individually confirmed on caa.co.uk this session — verify per-document before reuse."
SRC-FAA-ACS-PRIVATE-AIRPLANE,FAA,presumed U.S. Government public domain (17 U.S.C. §105),yes (if confirmed public domain),no,yes (if confirmed),low,reusable_pending_fetch_confirmation,Standard FAA publications are U.S. federal works and public domain; this session's automated fetch was blocked (HTTP 403) so the specific file's front-matter was not read — treat as very likely public domain but re-verify by any means (manual browser check) before marking official_released in the database.
SRC-FAA-SAMPLE-Q-PAR,FAA,U.S. Government public domain - CONFIRMED by direct fetch,yes,no,yes,low,reusable_verbatim,"RESOLVED 2026-09-10: fetched via curl with a standard browser User-Agent (the earlier 403 was WebFetch-tool-specific bot-blocking on faa.gov, not an actual restriction — a legitimate workaround, not a login/paywall/CAPTCHA bypass). 41 questions extracted and ingested as official_sample, status=active. No answer key was published with the document; every correct_answer/explanation was independently authored by this project from the underlying regulation, and this is disclosed in each record's copyright_status field."
SRC-FAA-SAMPLE-Q-PRH,FAA,presumed U.S. Government public domain,yes (if confirmed),no,yes (if confirmed),low,reusable_pending_fetch_confirmation,Same as SRC-FAA-SAMPLE-Q-PAR.
SRC-FAA-SAMPLE-Q-CAX,FAA,presumed U.S. Government public domain,yes (if confirmed),no,yes (if confirmed),low,reusable_pending_fetch_confirmation,Same as SRC-FAA-SAMPLE-Q-PAR.
SRC-FAA-SAMPLE-Q-FIA,FAA,presumed U.S. Government public domain,yes (if confirmed),no,yes (if confirmed),low,reusable_pending_fetch_confirmation,Same as SRC-FAA-SAMPLE-Q-PAR.
SRC-FAA-SAMPLE-Q-UAG,FAA,presumed U.S. Government public domain,yes (if confirmed),no,yes (if confirmed),low,reusable_pending_fetch_confirmation,Same as SRC-FAA-SAMPLE-Q-PAR.
SRC-FAA-PHAK,FAA,U.S. Government public domain,yes,no,yes,low,reusable_verbatim,Handbooks are FAA's most consistently and explicitly public-domain material; safe basis for original_syllabus_aligned questions and for handbook_reference citations.
SRC-TC-TP13014,Transport Canada,Crown copyright with explicit reuse permission,NO — explicitly restricted to non-commercial use,"yes (must credit Transport Canada, reproduce accurately, not imply endorsement)",yes for non-commercial use only,medium,reusable_with_attribution_noncommercial_only,"Verbatim licence text captured this session: 'permission to copy and/or reproduce the contents...for personal and public non-commercial use.' A commercial study platform (as this project's stated goal is 'international aviation study platform') should NOT embed verbatim TP 13014 questions as reuse_allowed=true without first obtaining written permission from Transport Canada for commercial use, OR must rewrite/rephrase into original_syllabus_aligned questions instead of copying verbatim. Flagged as the single most important licensing decision point found this session — see legal_and_provenance_notes.md. BATCH 2 UPDATE (2026-09-10): 20 Air Law questions extracted and ingested with reuse_allowed=true and this exact non-commercial condition carried verbatim into each record's copyright_status field — the deploying product team must confirm commercial status before public launch."
SRC-TC-TP13728,Transport Canada,presumed same as TP13014,presumed NO,presumed yes,presumed non-commercial only,medium,reusable_with_attribution_noncommercial_only_pending_confirmation,Individual page not yet fetched to confirm licence text matches TP13014 exactly.
SRC-TC-TP877,Transport Canada,presumed same as TP13014,presumed NO,presumed yes,presumed non-commercial only,medium,reusable_with_attribution_noncommercial_only_pending_confirmation,Individual page not yet fetched.
SRC-TC-TP14454,Transport Canada,presumed same as TP13014,presumed NO,presumed yes,presumed non-commercial only,medium,reusable_with_attribution_noncommercial_only_pending_confirmation,Individual page not yet fetched.
SRC-CASA-ATPL-INFOBOOK,CASA,"not yet confirmed (Australian govt material commonly CC BY per data.gov.au / PSMA style licensing, but CASA-specific terms not checked)",unclear,likely yes if CC BY,unclear,medium,third_party_reference_only_pending_verification,Fetch and read CASA's copyright footer before reuse; do not assume CC BY without confirmation.
SRC-CASA-MOS-SCHED3,CASA,not yet confirmed,unclear,likely yes if CC BY,unclear,medium,third_party_reference_only_pending_verification,Also flagged as a possibly-superseded edition — see unresolved_issues.md. Do not build syllabus_objectives rows from this file until the current edition is confirmed.
SRC-CASA-PART61-LEGISLATION,Federal Register of Legislation (Cth),Australian Government — typically CC BY per legislation.gov.au site licence,likely yes,likely yes,likely yes,low,reusable_pending_footer_confirmation,legislation.gov.au states a site-wide CC BY licence for Commonwealth legislation as a general rule; specific footer on this page not individually re-confirmed this session.
SRC-CAANZ-PART61-CONSOLIDATION,CAA NZ,not yet confirmed (NZ Crown copyright typically requires attribution; NZ government content is frequently CC BY per data.govt.nz norms but CAA-specific statement not checked),unclear,likely yes,unclear,medium,third_party_reference_only_pending_verification,Fetch and read footer before reuse.
SRC-SHGM-SHT1TBS,SHGM,not yet confirmed (Turkish public-sector regulatory documents; no explicit open licence identified this session),unclear,unclear,unclear,medium,third_party_reference_only_pending_verification,"Regulatory text itself may be cited/paraphrased for regulation_reference fields (facts/law are not copyrightable), but do not reproduce SHGM's own document layout/wording verbatim without further copyright confirmation."
SRC-SACAA-EXAMS-PAGE,SACAA,not yet confirmed,unclear,unclear,unclear,medium,third_party_reference_only_pending_verification,Fetch and read footer before reuse.
