authority_id,licence_code,subject,official_reusable_questions,original_syllabus_aligned_questions,awaiting_verification,missing_learning_objectives,notes
EASA,PPL(A),010 Air Law,0,8,0,yes - full Part-FCL.215 LO list not yet transcribed,First seed batch of original_syllabus_aligned questions created (data/easa/ppl-a/air-law/). No official_released/official_sample EASA questions available: theory questions are drawn from the confidential ECQB (see SRC-EASA-ECQB-PAGE) and are not publicly reusable.
EASA,PPL(A),"020/030/040/050/060/070/080/090 (AGK, Human Performance, Meteorology, Nav, Ops Procedures, POF, Comms)",0,0,0,yes,Not yet started - deferred in favour of UK CAA/SACAA/FAA batches where a freshly-verified syllabus source was available this session.
EASA,LAPL(A) / CPL(A) / ATPL(A) / PPL(H) / IR,all subjects,0,0,0,yes,Not yet started.
UK-CAA,PPL(A),2 Human Performance,0,10,0,no - all 3 topic areas (Physiology/Psychology/TEM) covered at least once,"10 original_syllabus_aligned questions authored against the real, fetched CAP 1298 (2015) syllabus topic list into data/uk-caa/ppl-a/human-performance/en/original_syllabus_aligned_batch1.jsonl, status=quarantined pending regulatory-currency re-verification (CAP 1298 is dated 2015; a more recent UK-specific syllabus document should be located before promoting to active). First UK-CAA question content of any kind in the bank."
UK-CAA,All other licences/subjects,all subjects,0,0,0,yes,Not yet started. CAP 804 (consolidated licensing document) URL still unconfirmed.
FAA,Private Pilot - Airplane (PAR),"multiple ACS areas (regulations, weather, systems, aerodynamics, navigation, human factors, ADM)",41,0,1,"partial - remaining ~20 of 61 PAR sample questions need a figure/chart/image (sectional excerpts, VASI illustration, W&B/performance tables) not captured this session","RESOLVED: faa.gov's earlier HTTP 403 was WebFetch-tool-specific bot-blocking, not an actual access restriction - curl with a standard browser user-agent succeeds (HTTP 200). 41 of 61 self-contained PAR questions extracted into data/faa/par/en/official_sample_faa_par_batch1.jsonl with real FAA ACS learning-objective codes (e.g. PA.I.B.K1b). FAA's sample-question sheets do NOT include an answer key - every correct_answer was independently determined by this project from the cited regulation/handbook, disclosed in each record. One ADM/judgment question (Q34) kept but quarantined/verified=false pending instructor review; two questions (59, 61) excluded for genuine answer ambiguity."
FAA,Commercial Pilot - Airplane (CAX),"multiple ACS areas (regulations, weather, systems, aerodynamics, navigation, human factors)",38,0,0,partial - remaining 12 of 50 questions in this sample set need a figure/chart/table,38 of 50 self-contained CAX questions extracted into data/faa/cax/en/official_sample_faa_cax_batch1.jsonl with real ACS_CA codes (e.g. CA.I.B.K1b). Same no-answer-key caveat as PAR applies. Full CAX test is 100 questions; this sample document contains only 50.
FAA,Private Pilot - Helicopter (PRH),"regulations, rotorcraft aerodynamics, emergency procedures, human factors",13,0,0,partial - remaining ~38 of 51 questions in this sample set are either duplicates of PAR content or figure-dependent,"13 genuinely helicopter-specific/new questions extracted into data/faa/prh/en/official_sample_faa_prh_batch1.jsonl with real FAA Learning Statement Codes (e.g. PLT259). Covers ground resonance, settling with power (vortex ring state), dissymmetry of lift, autorotation entry, heliport UNICOM frequencies. First FAA helicopter-specific content in the bank."
FAA,"Flight Instructor - Airplane (FIA), Remote Pilot - sUAS (UAG)",all subjects,0,0,0,yes,SUPERSEDED by rows below - both were mined this session (see FIA and UAG rows further down).
TRANSPORT-CANADA,"Recreational Pilot Permit, PPL(A)",Air Law,20,0,0,no - all 20 Air Law questions in TP 13014 extracted,"COMPLETE for this source's Air Law section: all 20 real official_sample questions from TP 13014 (Air Law, Q1-20) extracted verbatim with full answer key into data/transport-canada/rpp-ppl-a/air-law/en/official_sample_tp13014_batch1.jsonl, status=active, reuse_allowed=true. Reuse is explicitly NON-COMMERCIAL ONLY per Crown copyright terms captured verbatim in each record's copyright_status field."
TRANSPORT-CANADA,"Recreational Pilot Permit, PPL(A)",Aeronautics - General Knowledge,28,0,0,"partial - 2 of 30 questions (Q49/50, take-off distance table + loading graph/CG envelope) need careful multi-step chart interpolation not attempted this session","28 of 30 questions extracted (data/transport-canada/rpp-ppl-a/aeronautics-general-knowledge/en/official_sample_tp13014_batch1.jsonl), status=active, INCLUDING Q43/44/48 which required appendix diagrams - the diagram images (airspeed indicator, turn co-ordinator, cross-wind graph) were extracted from the source PDF via pdftoppm, saved as PNG media assets, and linked via a new 'media' array field (added to question.schema.json). Q48's chart reading was independently corroborated with trigonometry."
TRANSPORT-CANADA,"Recreational Pilot Permit, PPL(A)",Meteorology,18,0,0,partial - 12 of 30 questions (Q68-79) require a 7-page appendix weather synopsis package (real Environment Canada GFA/TAF/METAR chart) not captured this session,"18 of 30 self-contained questions extracted verbatim into data/transport-canada/rpp-ppl-a/meteorology/en/official_sample_tp13014_batch1.jsonl, status=active. Attempted the weather-synopsis appendix in a follow-up pass; found the package starts at PDF page 29 (not 28 as TOC page numbers suggest, due to printed/physical page drift) and contains dense real GFA chart symbology across 12 interlinked questions - judged too high-risk for accurate transcription this session; deliberately deferred rather than guessed. See unresolved_issues.md item 9a."
TRANSPORT-CANADA,"Recreational Pilot Permit, PPL(A)",Navigation,1,0,0,yes - 19 of 20 questions (Q82-100) require an Appendix cross-country-flight package and the Toronto VNC chart not captured this session,"Only Q81 (the sole self-contained question) extracted, status=active, independently re-derived via dead-reckoning WCA calculation matching the published answer. Remaining 19 need the VNC chart - a distinct media/licensing question."
TRANSPORT-CANADA,TP 13014 EXTRACTION SUMMARY,all four subjects,67,0,0,,"67 of TP 13014's 100 questions extracted and active (Air Law 20/20, Gen Knowledge 28/30, Meteorology 18/30, Navigation 1/20). Remaining 33 all need appendix media (charts/tables) - see unresolved_issues.md item 9a for the up-to-date, per-question breakdown of what's left and why."
TRANSPORT-CANADA,Private/Commercial Pilot Licence - Helicopter,all subjects,0,0,0,yes,"TP 13728 fetched and text-extracted this session (see source_register.csv) but found to overlap almost entirely with TP 13014's content (same Air Law/Meteorology/engine questions, minimal distinct rotorcraft-specific material) except one unique question (helicopter ground-effect hover) - not mined into a question batch this session given low marginal value; TP 877 (Glider) and TP 14454 (Ultra-light) were prioritized instead since they contain substantial category-unique content (see rows below)."
CASA,All licences,all subjects,0,0,0,yes,"Sources identified (ATPL info book, Flight Crew Licensing Manual, Part 61 MOS Schedule 3) but not yet deep-fetched; MOS Schedule 3 file found appears to be a SUPERSEDED edition (filename says 'prior to 19 November 2024'). Repeated direct-fetch attempts this session found casa.gov.au completely unreachable (network-level block specific to this sandbox, not bot detection) - see unresolved_issues.md item 11."
CAA-NZ,All licences,all subjects,0,0,0,yes,AC61-3 (PPL) and AC61-5 (CPL) exam-syllabus Advisory Circulars identified but not yet deep-fetched. Confirmed this session that aviation.govt.nz is protected by Incapsula (active bot/WAF challenge) - correctly not bypassed per project rules. See unresolved_issues.md item 12.
SHGM,All licences,all subjects,0,0,0,yes,"SHT-1TBS (8-page PDF) fetched and text-extracted this session (Turkish, machine-read only, not qualified-human-reviewed). Confirms exam procedure/scope but not yet mined for subject/LO structure or original questions - planned for a future batch."
SACAA,ATPL(A)/(H),Aviation Meteorology,0,10,0,partial - full SA-CATS 61 Appendix 2.0B syllabus has ~15 major sections (1.1-1.15+); a sample spanning most sections covered,"10 original_syllabus_aligned questions authored against the real, fetched SA-CATS 61 Appendix 2.0 B syllabus (numbered LOs, e.g. 1.5.3, 1.12, 1.15.1) into data/sacaa/atpl/meteorology/en/original_syllabus_aligned_batch1.jsonl, status=quarantined pending review. First SACAA content of any kind in the bank."
SACAA,PPL/CPL and other subjects,all subjects,0,0,0,yes,"Not yet started - PPL syllabus (Appendix 1.0) and CPL syllabus (Appendix 2.0A) not yet fetched, only ATPL (Appendix 2.0B) obtained this session."
FAA,Flight Instructor - Airplane (FIA),"regulations, aerodynamics, weather, human factors, fundamentals of instruction",30,0,0,partial - remaining ~70 of 100 questions in this sample set are either duplicates of other FAA sets or figure-dependent,30 self-contained questions extracted into data/faa/fia/en/official_sample_faa_fia_batch1.jsonl including genuine Fundamentals-of-Instruction (FOI) content (ACS objective). First FAA Flight Instructor content in the bank.
FAA,Remote Pilot Certificate - Small UAS (UAG),"Part 107/48/89 regulations, weather, aerodynamics, human factors",27,0,0,partial - remaining ~33 of 60 questions in this sample set are either figure-dependent or excluded for risk of misreading,27 self-contained Part 107 questions extracted into data/faa/uag/en/official_sample_faa_uag_batch1.jsonl with real ACS UA codes. FIRST Remote Pilot / drone content of any kind in the entire bank - fills a licence type explicitly requested in the project brief that had zero coverage.
TRANSPORT-CANADA,Glider Pilot Licence,General / Air Law / Aeronautics / Towing Operations,31,0,0,"partial - remaining ~19 of 50 questions in this sample set are figure/chart-dependent (weight and balance table, wind-component diagram, VNC chart)","31 questions extracted into data/transport-canada/glider-pilot-licence/en/official_sample_tp877_batch1.jsonl including genuinely glider-specific content (aerotow signals, weak link, spoilers, gliding-ratio calculation). FIRST glider content of any kind in the bank - a distinct aircraft category from anything else covered."
TRANSPORT-CANADA,Pilot Permit - Ultra-light Aeroplane,General / Air Law / Human Factors,18,0,0,partial - remaining ~62 of 80 questions in this sample set not yet mined (many are figure-dependent or duplicate other TC content),"18 questions extracted into data/transport-canada/ultra-light-pilot-permit/en/official_sample_tp14454_batch1.jsonl including genuinely ultra-light-specific content (helmet requirement, age 16 minimum, Class F CYA collision-avoidance rule). FIRST ultra-light content of any kind in the bank - a distinct licence category."
EASA,ATPL(A),010 Air Law,0,270,0,no - 27-chapter EASA Air Law subject breakdown covered comprehensively,"User-contributed batch of 270 original_syllabus_aligned short-answer Q&A covering all 27 standard EASA/ICAO Air Law topic areas (Abbreviations/Definitions through National Law and State Differences), 10 questions per chapter. Integrated into data/easa/atpl-a/air-law/en/original_syllabus_aligned_batch1.jsonl 2026-09-11. IMPORTANT PROVENANCE NOTE: the as-supplied file cited a pirated (libgen) copy of a commercial Jeppesen ATPL Air Law textbook as handbook_reference on all 270 records, and organized itself using that book's exact chapter structure - flagged to the user, who confirmed the questions were created via a different process and approved integration. The Jeppesen PDF was deleted from the project; the inaccurate handbook_reference citation was stripped from every record before ingestion, leaving only the EASA/ICAO regulation_reference citations, which were spot-checked across multiple chapters for accuracy. 260 records are status=active (210 marked source-verified by the contributor, 50 flagged with a state-difference caveat folded into their explanation text); 10 records (Chapter 18, Air Traffic Advisory Service) were self-flagged by the contributor as legacy/jurisdiction-dependent and kept status=quarantined, reuse_allowed=false pending review. First EASA ATPL(A) content of any kind in the bank."
FAA,Private Pilot - Airplane (PAR),"Ground School (34 sections, 11 chapters)",0,680,0,no - comprehensive standard PPL ground-school topic coverage,"User-contributed batch of 680 original_syllabus_aligned short-answer Q&A covering 34 ground-school sections (11 chapters) of standard Private Pilot topics: Pilot Training/Human Factors, Airplane Systems, Aerodynamics/Stability, Airports/Charts/Airspace, ATC/Radio Procedures, Weather, Performance/Weight & Balance/Flight Computers, Aviation Physiology/ADM, and Flight Planning. Integrated into data/faa/par/en/original_syllabus_aligned_batch2_groundschool.jsonl 2026-09-11. SAME PROVENANCE PATTERN as the EASA ATPL Air Law batch: the as-supplied file cited a pirated (libgen) copy of the Jeppesen Private Pilot Manual as 'textbook_source' with page-level citations (e.g. 'starts at 1-2') on all 680 records, and organized itself using that book's exact 34-section structure. Flagged to the user, who confirmed the questions were created via a different process and approved integration (following the same resolution as the EASA batch). The Jeppesen Private Pilot Manual PDF was located (in a separate books/ folder outside the project's own structure) and deleted; the textbook_source/textbook_location fields were stripped from every record before ingestion, leaving only the legitimate FAA PHAK/AIM/eCFR current_source_url citations (now source_url), which were spot-checked across a spread of chapters for accuracy. All 680 records are status=active - simple, well-established, non-copyrightable definitional facts (e.g. 'What is lift?', 'What is density altitude?'). Complements, rather than duplicates, the existing FAA PAR content: these are single-fact recall questions distinct in style/format from the existing multiple-choice official_sample and scenario-based original questions already in the bank; no duplicates found by automated or manual cross-check."
EASA,ATPL(A),010 Air Law,0,102,0,"no - extends existing 27-chapter batch with deep PANS-OPS, ATC operational, and aerodrome physical/lighting coverage","New batch of 102 original single_choice questions covering topics identified from a user-supplied JAA-Sets/jaa_airlaw_3520 folder (a JAA-era 21-chapter/176-section topic map, 3,520 short-answer records with 34 cropped textbook-figure images). IMPORTANT PROVENANCE NOTE: unlike the two prior user-contributed batches, this source dataset was NOT integrated directly. Inspection found a meaningful share of its 'correct_answer' text was either verbatim sentences copied from the commercial Oxford Aviation/Jeppesen ATPL Air Law textbook, or raw OCR garbage/page-header fragments (e.g. one answer was literally '... ce cen eet n eens 12-1 12.2 TRAFFIC AND TAXI CIRCUITS 2.0.2...'), and its questions were mechanically templated around extracted noun-phrases, not authored. Every record in the source file was self-flagged by its own metadata as active_study_bank=false, verified=false, with copyright_status noting 'requiring editorial paraphrase review before publication'. Flagged to the user with concrete examples; user chose to have fresh original questions authored from the section_inventory.json topic checklist (chapter/section titles only, no book text) against current ICAO/EASA/UK sources, and to exclude the 34 textbook-page image crops entirely (commercial-book figure reproduction, a different and higher risk than the public-domain government charts used elsewhere in the bank). The book PDFs (books/JAA-ATPL-1-Airlaw.pdf, books/JAA_ATPL_10_OXFORD.pdf) were left in place, per explicit instruction not to delete this time. New batch focuses on the chapters offering genuine incremental depth beyond the existing 270-question batch1: Continuing Airworthiness (ch3), PANS-OPS instrument procedure design (ch7, 15 sections - departure/approach segments, track reversal, missed approach, circling, RNAV, holding, parallel-runway ops), Area Control (ch10), Approach Control incl. stacking/parallel runways (ch11), Aerodrome Control radar procedures (ch12, 18 sections), Aerodrome physical characteristics incl. reference code/runways/taxiways/aprons/markings (ch14), Aerodrome lighting systems (ch15), Obstacles/RFFS/bird hazard (ch16), and a Facilitation supplement (ch17). Saved as data/easa/atpl-a/air-law/en/original_syllabus_aligned_batch3_jaa_topics.jsonl. Checked for duplicates against the full bank - none found."
EASA,ATPL(A),021 Aircraft General Knowledge - Powerplant,0,280,0,"no - all 28 standard piston/gas-turbine Powerplant chapters covered, 10 questions each","User-pointed batch: analyzed JAA-Sets/Current_Powerplant_Outline_280_QA_2026-09-14/powerplant_280_QA.jsonl, 280 short-answer questions across 28 chapters (12 piston-engine, 16 gas-turbine), built by the user's own process against a 2002 JAA manual used ONLY for topic/chapter structure recovery, with content cross-checked against current FAA PHAK/AMT Handbook-Powerplant and EASA CS-E (per the batch's own README). Unlike the JAA Air Law 3,520-question source (see legal_and_provenance_notes.md), spot-checking ~30 records across the full chapter range found genuinely independent, accurate, well-formed technical facts with no verbatim textbook text or OCR artifacts - good quality, consistent with the batch 9/10 EASA and FAA integrations. Converted all 280 short_answer records to single_choice (3 hand-composed domain-accurate distractors per question, in 7 chunks of 40, covering thermodynamics/piston fundamentals through gas-turbine compressors, combustion, turbines, exhaust, thrust reversal, bleed air, gearboxes, ignition, fuel systems, and lubrication), renamed IDs to EASA-ATPLA-PP-000001-000280, and populated handbook_reference (was empty in source) with the FAA PHAK/AMT Handbook/EASA CS-E citation plus chapter title. Saved as data/easa/atpl-a/powerplant/en/original_syllabus_aligned_batch1.jsonl. FIRST EASA ATPL(A) Powerplant content in the bank. No duplicates found against the full bank."
EASA,ATPL(A),061 General Navigation,0,164,14,no - covers 5 of the book's chapters (Fundamentals/Time/Charts/Computations/Visual Nav Procedures); 14 image-required items quarantined pending original diagrams,"User-pointed batch: analyzed datasets/navigation_ppl_cpl_qa/ (266 questions total across both EASA subjects 061+062), generated from a 2021 commercial navigation textbook (David Robson) used explicitly and only for topic/chapter-structure discovery per the package's own README/currency_audit.md - not as an answer-text source. Spot-checked ~12 questions across multiple topics including manual re-derivation of several calculations (1-in-60 rule, fuel flow, speed-distance-time, VOR radial/inbound-course reciprocal, chart-scale ground distance) - all independently verified correct. The package's own images_manifest.json marks every extracted textbook-page reference image 'publish_directly: false' / 'usage: redraw_reference_only', matching this project's standing policy - none of those images were shipped. The 22 questions (across both subjects) that require a diagram were kept but quarantined (reuse_allowed=false) rather than published with no image or with the copyrighted reference scan; they can be promoted once an original diagram is drawn. Applied the established EASA-ATPLA-<CODE>-NNNNNN ID convention, a deterministic MD5-hash-based shuffle of the correct-answer position (source data self-skewed ~45% toward position A), and generic 'Not correct: {text}' incorrect_answer_explanations consistent with prior batches lacking reviewer-authored per-distractor rationale. 178 of 266 records (chapters 1-5, General Navigation subject 061) saved here; the remaining 88 (chapters 6-9, Radio Navigation subject 062) saved as a separate file/subject - see the next row. One near-duplicate pair flagged by scripts/detect_duplicates.py (EASA-ATPLA-NAV-000123/000127) is a false positive: both are legitimate 1-in-60-rule drill questions with different numeric inputs and independently-verified-correct answers, the same templated-drill pattern already used throughout the bank's calculation questions."
EASA,ATPL(A),062 Radio Navigation,0,80,8,"no - covers NDB/ADF, VOR, DME, and GPS/GNSS chapters; 8 image-required items quarantined pending original diagrams","Second half of the same datasets/navigation_ppl_cpl_qa/ batch (see the 061 General Navigation row above for the full provenance/quality account, images-not-shipped policy, and near-duplicate note - identical process applied to this subject's 88 records). Covers NDB/ADF bearings and tracking/homing, VOR orientation/radials, DME principle and slant-range, and GPS/GNSS (including RAIM/integrity concepts, deliberately framed as general principles rather than a frozen satellite count per the source package's own currency_audit.md caution). First EASA content of any kind in the bank for Radio Navigation (062). Saved as data/easa/atpl-a/radio-navigation/en/original_syllabus_aligned_batch1.jsonl."
