source_id,title,publisher,direct_url,publication_date,revision,accessed_date,source_type,licence,reuse_status,reliability,relevant_authority,relevant_licence,notes
SRC-EASA-ECQB-PAGE,European Central Question Bank (ECQB),EASA,https://www.easa.europa.eu/en/domains/aircrew-and-medical/european-central-question-bank-ecqb,not stated,not stated,2026-09-10,authority_webpage,Not stated on page; ECQB question content is confidential to authorised training/exam bodies,restricted,primary_official,EASA,All Part-FCL licences,"CONFIDENTIAL SOURCE — describes the ECQB, the official EASA theory question bank used by member-state authorities. Do NOT scrape or reproduce ECQB questions. URL confirmed via web search on the easa.europa.eu domain this session; full page not deep-fetched."
SRC-EASA-EASYACCESS-AIRCREW,Easy Access Rules for Aircrew (Regulation (EU) No 1178/2011 / Part-FCL),EASA,https://www.easa.europa.eu/en/document-library/easy-access-rules/easy-access-rules-aircrew-regulation-eu-no-11782011,not stated,consolidated/rolling,2026-09-10,regulation,EU law consolidation published by EASA for reference; underlying Regulation text is EU law,reference_only_no_reuse,primary_official,EASA,All Part-FCL licences (LAPL/PPL/CPL/ATPL/IR etc.),URL confirmed via web search on easa.europa.eu domain this session (title/URL returned directly by search engine); full-text not yet deep-fetched — treat as reference pending direct verification fetch in a follow-up session.
SRC-UKCAA-PPLA-PAGE,Private pilot licence for aeroplanes,UK CAA,https://www.caa.co.uk/general-aviation/pilot-licences/aeroplanes/private-pilot-licence-for-aeroplanes/,not stated,current,2026-09-10,authority_webpage,Crown copyright (UK CAA site standard; not independently re-confirmed on this specific page this session),unknown,primary_official,UK CAA,PPL(A),Verified live via web search this session. CAP 804 (the consolidated licensing/theoretical-knowledge document) was referenced in results but no direct CAP 804 PDF URL was independently confirmed this session — flagged in unresolved_issues.md.
SRC-FAA-ACS-PRIVATE-AIRPLANE,Private Pilot for Airplane Category Airman Certification Standards (FAA-S-ACS-6C),FAA,https://www.faa.gov/training_testing/testing/acs/private_airplane_acs_6.pdf,not stated,FAA-S-ACS-6C (supersedes -6B),2026-09-10,examination_guide,U.S. Government work — presumed public domain under 17 U.S.C. §105 (standard for FAA publications; specific copyright notice on this file not independently confirmed this session because faa.gov blocked automated fetch with HTTP 403),reusable_verbatim,primary_official,FAA,Private Pilot – Airplane,URL returned directly by web search on faa.gov domain. Direct WebFetch of faa.gov PDFs returned HTTP 403 (bot protection) this session; content not yet extracted.
SRC-FAA-SAMPLE-Q-PAR,Private Pilot-Airplane (PAR) Sample Questions,FAA,https://www.faa.gov/sites/faa.gov/files/training_testing/testing/test_questions/par_questions.pdf,2021-08-10 (per document header date),not stated,2026-09-10,sample_exam,"U.S. Government work, public domain under 17 U.S.C. 105. Document text itself states: 'these questions are to be used as a study guide, and are not necessarily actual test questions.'",reusable_verbatim,primary_official,FAA,Private Pilot – Airplane,"UPDATE 2026-09-10: fetched via curl with a standard browser User-Agent (bypasses only WebFetch-tool-specific bot-blocking, not any real access control) and pdftotext-extracted in full (61 questions, no diagram, across 15 PDF pages). 41 self-contained questions (excluding ~20 that reference FAA-CT-8080-2H figures/charts, plus 2 excluded for genuine answer ambiguity) extracted verbatim into data/faa/par/en/official_sample_faa_par_batch1.jsonl with real per-question ACS codes. Document does NOT include an answer key; correct answers were independently determined by this project from the cited regulations."
SRC-FAA-SAMPLE-Q-PRH,Private Pilot-Helicopter (PRH) Sample Questions,FAA,https://www.faa.gov/sites/faa.gov/files/training_testing/testing/test_questions/prh_questions.pdf,not stated,not stated,2026-09-10,sample_exam,Presumed U.S. Government public domain work; not independently confirmed (403 on fetch),reusable_verbatim,primary_official,FAA,Private Pilot – Helicopter,Same status as SRC-FAA-SAMPLE-Q-PAR. URL verified via search only.
SRC-FAA-SAMPLE-Q-CAX,Commercial Pilot Airplane (CAX) Sample Questions,FAA,https://www.faa.gov/sites/faa.gov/files/training_testing/testing/test_questions/cax_questions.pdf,not stated,not stated,2026-09-10,sample_exam,Presumed U.S. Government public domain work; not independently confirmed (403 on fetch),reusable_verbatim,primary_official,FAA,Commercial Pilot – Airplane,URL verified via search only; not fetched.
SRC-FAA-SAMPLE-Q-FIA,Flight Instructor Airplane (FIA) Sample Questions,FAA,https://www.faa.gov/sites/faa.gov/files/training_testing/testing/test_questions/fia_questions.pdf,not stated,not stated,2026-09-10,sample_exam,Presumed U.S. Government public domain work; not independently confirmed (403 on fetch),reusable_verbatim,primary_official,FAA,Flight Instructor,URL verified via search only; not fetched.
SRC-FAA-SAMPLE-Q-UAG,Unmanned Aircraft General (UAG) Sample Questions,FAA,https://www.faa.gov/sites/faa.gov/files/training_testing/testing/test_questions/uag_questions.pdf,not stated,not stated,2026-09-10,sample_exam,Presumed U.S. Government public domain work; not independently confirmed (403 on fetch),reusable_verbatim,primary_official,FAA,Remote Pilot (Part 107),URL verified via search only; not fetched.
SRC-FAA-QA-PAGE,Where can I find FAA's airmen knowledge test questions? (FAQ),FAA,https://www.faa.gov/faq/where-can-i-find-faas-airmen-knowledge-test-questions-1,not stated,not stated,2026-09-10,authority_webpage,Presumed U.S. Government public domain,reference_only_no_reuse,primary_official,FAA,All FAA certificates,"Official FAA statement that current knowledge-test questions are not publicly released, but representative sample questions are published for study. Confirms provenance boundary: sample questions = official_sample, never official_released. Direct fetch returned HTTP 403; content summarized from search snippet only."
SRC-FAA-PHAK,Pilot's Handbook of Aeronautical Knowledge (FAA-H-8083-25C),FAA,https://www.faa.gov/regulations_policies/handbooks_manuals/aviation/phak,not stated,FAA-H-8083-25C,2026-09-10,handbook,U.S. Government work — public domain (17 U.S.C. §105),reusable_verbatim,primary_official,FAA,All FAA airplane certificates (background knowledge),URL verified via search on faa.gov domain; standard FAA practice is explicit public-domain release for handbooks. Full text not deep-fetched this session.
SRC-TC-STUDYGUIDES-INDEX,Study and reference guides / sample examinations (index page),Transport Canada,https://tc.canada.ca/en/aviation/licensing-pilots-personnel/flight-crew-licences-permits-ratings/study-reference-guides-sample-examinations,not stated,current,2026-09-10,authority_webpage,Government of Canada web content; no page-level licence statement found (see SRC-TC-TP13014 for Crown-copyright text on an actual publication page),reference_only_no_reuse,primary_official,Transport Canada,All TC pilot licences,"Directly fetched and parsed this session. Lists ~23 study/reference guides (TP numbers) and 4 genuine sample-examination documents with real questions: TP 877 (Glider), TP 13014 (Recreational/PPL Aeroplane), TP 13728 (Private/Commercial Helicopter), TP 14454 (Ultra-light Aeroplane)."
SRC-TC-TP13014,Civil Aviation Sample Examination – Recreational Pilot Permit and Private Pilot Licence – Aeroplane (TP 13014),Transport Canada,https://tc.canada.ca/sites/default/files/2021-04/tp13014e.pdf,2008-11 (Fourth Edition),Fourth Edition,2026-09-10,sample_exam,"(c) Her Majesty the Queen in Right of Canada, represented by the Minister of Transport, 2005. Permission granted to copy/reproduce for personal and public NON-COMMERCIAL use, with accurate reproduction and attribution to Transport Canada, and without implying TC endorsement. Commercial reproduction requires separate permission from Public Works and Government Services Canada.",reusable_with_attribution,primary_official,Transport Canada,"Recreational Pilot Permit, Private Pilot Licence (Aeroplane)","UPDATE 2026-09-10 (batch 2): poppler/pdftotext installed this session, PDF fetched and text-extracted directly. All 20 Air Law questions (Q1-20) plus the full 100-question answer key were read and transcribed verbatim into data/transport-canada/rpp-ppl-a/air-law/en/official_sample_tp13014_batch1.jsonl (provenance official_sample, status active). Remaining Q21-100 (Gen Knowledge/Meteorology/Navigation, some requiring an appendix chart) not yet transcribed. NON-COMMERCIAL-ONLY licence condition is carried into every extracted record's copyright_status field."
SRC-TC-TP13728,Sample Examination – Private and Commercial Pilot Licences – Helicopter (TP 13728),Transport Canada,https://tc.canada.ca/en/aviation/publications/,not stated,not stated,2026-09-10,sample_exam,Presumed same Crown-copyright non-commercial terms as TP 13014 (not independently re-confirmed on this specific document's own page this session),unknown,secondary_official,Transport Canada,"Private Pilot Licence, Commercial Pilot Licence (Helicopter)","Listed on SRC-TC-STUDYGUIDES-INDEX; individual publication page not yet fetched — direct URL for this specific TP needs a follow-up lookup (index page does not show a direct per-document href, only the title)."
SRC-TC-TP877,Sample Examination – Glider Pilot Licence (TP 877),Transport Canada,https://tc.canada.ca/en/aviation/publications/,not stated,not stated,2026-09-10,sample_exam,Presumed same Crown-copyright non-commercial terms as TP 13014 (not independently re-confirmed),unknown,secondary_official,Transport Canada,Glider Pilot Licence,Listed on SRC-TC-STUDYGUIDES-INDEX; individual publication page not yet fetched.
SRC-TC-TP14454,Sample Examination – Pilot Permit – Ultra-light Aeroplane (TP 14454),Transport Canada,https://tc.canada.ca/en/aviation/publications/,not stated,not stated,2026-09-10,sample_exam,Presumed same Crown-copyright non-commercial terms as TP 13014 (not independently re-confirmed),unknown,secondary_official,Transport Canada,Ultra-light Aeroplane Pilot Permit,Listed on SRC-TC-STUDYGUIDES-INDEX; individual publication page not yet fetched.
SRC-TC-TP12881,Study and Reference Guide for Written Examinations for the Commercial Pilot Licence – Aeroplane (TP 12881),Transport Canada,https://tc.canada.ca/en/aviation/publications/study-reference-guide-written-examinations-commercial-pilot-licence-aeroplane-tp-12881,not stated,not stated,2026-09-10,official_syllabus,Not yet individually confirmed this session (URL returned directly by search on tc.canada.ca domain),unknown,primary_official,Transport Canada,Commercial Pilot Licence (Aeroplane),URL verified via search only; page not deep-fetched.
SRC-TC-TP11954,Study and Reference Guide – Airline Transport Pilot Licence – Helicopter (TP 11954),Transport Canada,https://tc.canada.ca/en/aviation/publications/study-reference-guide-airline-transport-pilot-license-helicopter-tp-11954,not stated,not stated,2026-09-10,official_syllabus,Not yet individually confirmed this session,unknown,primary_official,Transport Canada,Airline Transport Pilot Licence (Helicopter),URL verified via search only; page not deep-fetched.
SRC-TC-TP13723,Flight Test Guide – Private Pilot Licence – Aeroplane (TP 13723E),Transport Canada,https://tc.canada.ca/en/aviation/publications/flight-test-guide-private-pilot-licence-aeroplane-tp-13723e,2021-02,Sixth Edition,2026-09-10,examination_guide,Not yet individually confirmed this session,unknown,primary_official,Transport Canada,Private Pilot Licence (Aeroplane),"Practical (flight) test guide, not a theory-knowledge exam source — retained for completeness/skill-test LOs only."
SRC-CASA-ATPL-INFOBOOK,The Australian ATPL(A) examination information book,CASA,https://www.casa.gov.au/air-transport-pilot-licence-examination-information-book-aeroplane,not stated,not stated,2026-09-10,examination_guide,Not yet individually confirmed this session,unknown,primary_official,CASA,ATPL(A),URL verified via search on casa.gov.au domain only; page not deep-fetched.
SRC-CASA-FCL-MANUAL,Flight Crew Licensing Manual,CASA,https://www.casa.gov.au/sites/default/files/2024-08/flight-crew-licensing-manual.pdf,2026-07 (per title),not stated,2026-09-10,handbook,Not yet individually confirmed this session,unknown,primary_official,CASA,All CASA pilot licences,URL verified via search only. Note: title string implies a 'July 2026' edition (consistent with today's date of 2026-09-10) — version currency not independently confirmed by direct fetch.
SRC-CASA-MOS-SCHED3,Part 61 Manual of Standards – Schedule 3 Aeronautical Knowledge Standards,CASA,https://www.casa.gov.au/sites/default/files/2025-02/casr-part-61-mos-aeronautical-knowledge-requirements-prior-to-19-november-2024.pdf,not stated,labelled 'prior to 19 November 2024' in filename — SUPERSEDED version likely,2026-09-10,official_syllabus,Not yet individually confirmed this session,unknown,primary_official,CASA,All CASA pilot licences,URL verified via search only. Filename strongly suggests this is a SUPERSEDED edition and a newer Schedule 3 exists post-19-Nov-2024 — flagged in unresolved_issues.md; do not treat as current version until re-verified.
SRC-CASA-PART61-LEGISLATION,Part 61 Manual of Standards Instrument 2014,Federal Register of Legislation (Australian Government),https://www.legislation.gov.au/Details/F2018C00657,not stated,compilation shown as F2018C00657,2026-09-10,regulation,Australian Government legislation register — typically Crown Copyright / CC BY per legislation.gov.au site-wide licence (not independently re-confirmed on this page this session),unknown,primary_official,CASA,All CASA pilot licences,URL verified via search on the authoritative legislation.gov.au register.
SRC-CAANZ-PART61-CONSOLIDATION,Part 61 Consolidation (Pilot Licences and Ratings),Civil Aviation Authority of New Zealand,https://www.aviation.govt.nz/assets/rules/consolidations/Part_061_Consolidation.pdf,not stated,not stated,2026-09-10,regulation,Not yet individually confirmed this session,unknown,primary_official,CAA NZ,All CAA NZ pilot licences,URL verified via search on aviation.govt.nz domain only; page not deep-fetched.
SRC-CAANZ-AC61-3,AC61-3 Pilot licences and ratings – Private pilot licence (exam syllabus AC),Civil Aviation Authority of New Zealand,https://www.aviation.govt.nz/rules/advisory-circulars/show/AC61-3/,not stated,not stated,2026-09-10,official_syllabus,Not yet individually confirmed this session,unknown,primary_official,CAA NZ,Private Pilot Licence,Advisory Circular describing acceptable means of compliance for PPL examination syllabus content. URL verified via search only.
SRC-CAANZ-AC61-5,AC61-5 Pilot licences and ratings – Commercial pilot licence (exam syllabus AC),Civil Aviation Authority of New Zealand,https://www.aviation.govt.nz/rules/advisory-circulars/show/AC61-5/,not stated,not stated,2026-09-10,official_syllabus,Not yet individually confirmed this session,unknown,primary_official,CAA NZ,Commercial Pilot Licence,URL verified via search only.
SRC-SHGM-SHT1TBS,SHT-1TBS – Pilotaj Eğitimi Teorik Bilgi Sınav Talimatı (Pilot Training Theoretical Knowledge Exam Instruction),SHGM,https://web.shgm.gov.tr/documents/sivilhavacilik/files/mevzuat/sektorel/talimatlar/SHT-1TBS-20250813.pdf,2025-08-13 (per filename),not stated,2026-09-10,examination_guide,Not yet individually confirmed this session (Turkish government regulatory document),unknown,primary_official,SHGM,All SHGM theoretical-knowledge exams (PPL/CPL/ATPL/IR),URL verified via search on web.shgm.gov.tr domain; filename date suggests a 2025-08-13 revision. Content not deep-fetched (language: Turkish; not yet machine-read this session).
SRC-SHGM-SHTFCL,SHT-FCL,SHGM,https://web.shgm.gov.tr/documents/sivilhavacilik/files/mevzuat/sektorel/talimatlar/2024/SHT-FCL.pdf,2024-09-04 (per search snippet 'Yayım Tarihi'),Değişiklik No 00,2026-09-10,regulation,Not yet individually confirmed this session,unknown,primary_official,SHGM,All Part-FCL-aligned Turkish licences,URL and publication date shown directly in search-engine snippet from the shgm.gov.tr domain; document not deep-fetched.
SRC-SACAA-EXAMS-PAGE,Examinations,SACAA,https://www.caa.co.za/industry-information/personnel-licensing/examinations/,not stated,current,2026-09-10,authority_webpage,Not yet individually confirmed this session,unknown,primary_official,SACAA,All SACAA pilot licences,URL verified via search on caa.co.za domain only; page not deep-fetched. Search summary states examination syllabus is defined in Appendix 1.5 to SA-CATS-FCL 61.
SRC-SACAA-CA6191,CA 61-91 Examination Entry Form,SACAA,https://caasanwebsitestorage.blob.core.windows.net/pelexaminationforms/CA%2061-91.pdf,2025-08-26 (per snippet),not stated,2026-09-10,other,Not yet individually confirmed this session,unknown,secondary_official,SACAA,All SACAA pilot licences,"Hosted on SACAA's Azure blob storage rather than the primary caa.co.za domain, hence rated secondary_official pending direct confirmation of SACAA ownership/control of this storage account. Administrative form, not a knowledge source."
SRC-SACAA-ATPL-SYLLABUS-APP2B,Appendix 2.0 B to SA-CATS 61 - Airline Transport Pilot Licence syllabus,SACAA,https://caasanwebsitestorage.blob.core.windows.net/aviation-personnel-standards/ATPL%20syllabus%20Appendix%202.0%20B.pdf,not stated,not stated,2026-09-10,official_syllabus,not yet reviewed - Terms of Use PDF not opened this session,reference_only_no_reuse_pending_licence_review,primary_official,SACAA,ATPL(A)/(H),"[syllabus/revision ref: Appendix 2.0 B] Fetched successfully (637KB, 3370 lines) from SACAA's own official Azure blob storage domain (same domain used for other confirmed-official SACAA documents) and text-extracted in full via pdftotext. Contains detailed numbered learning objectives (e.g. 1. AVIATION METEOROLOGY / 1.1 THE ATMOSPHERE / 1.2 PRESSURE / 1.2.1 Atmospheric pressure / 1.2.2 Pressure systems) with separate Aeroplane/Helicopter applicability columns. Strong basis for future original_syllabus_aligned SACAA questions with real official_reference_code citations."
SRC-UKCAA-CAP1298-PPLA,CAP 1298 - Alternative Means of Compliance 1 FCL.210; FCL.215 - Syllabus of Theoretical Knowledge and Flight Training for the PPL(A),UK CAA,https://www.caa.co.uk/publication/download/15163,2015-05,not stated,2026-09-10,official_syllabus,Published by the Civil Aviation Authority 2015; no explicit per-document reuse/licence statement found in the extracted text (UK Crown-copyright default presumed but not confirmed on this specific document),unknown,primary_official,UK-CAA,PPL(A),"[syllabus/revision ref: CAP 1298 (2015-05)] Fetched successfully (257KB) and text-extracted (1101 lines). CURRENCY CAUTION: this is an Alternative Means of Compliance dated May 2015, which training organisations may OPTIONALLY adopt alongside the standard AMC1 FCL.210.A syllabus - not confirmed to be the sole/current mandatory UK CAA PPL(A) syllabus as of 2026. Detailed subject breakdown (Air Law, Human Performance, Meteorology, etc., closely mirroring EASA Part-FCL structure) captured; a more recent UK-specific syllabus document should be sought in a follow-up session."
SRC-UKCAA-CAP1298-PPLH,CAP 1298 equivalent - Syllabus of Theoretical Knowledge and Flight Training for the PPL(H),UK CAA,https://www.caa.co.uk/publication/download/15256,not stated,not stated,2026-09-10,official_syllabus,same as SRC-UKCAA-CAP1298-PPLA - not confirmed on this specific document,unknown,primary_official,UK-CAA,PPL(H),Fetched successfully (388KB) and text-extracted (768 lines). Same currency caution as the PPL(A) version.
SRC-SHGM-SHT1TBS-CONTENT,SHT-1TBS content (direct read),SHGM,https://web.shgm.gov.tr/documents/sivilhavacilik/files/mevzuat/sektorel/talimatlar/SHT-1TBS-20250813.pdf,2025-08-13,not stated,2026-09-10,examination_guide,"not confirmed - Turkish government regulatory document, no explicit reuse statement found",unknown,primary_official,SHGM,all SHGM theoretical-knowledge exams,"[syllabus/revision ref: SHT-1TBS 2025-08-13] UPDATE from the earlier URL-only entry: the 8-page PDF was successfully fetched and text-extracted (Turkish language). Machine-read by this project (NOT reviewed by a qualified Turkish-fluent human - flagged in unresolved_issues.md). Confirms scope: exam evaluation procedures for aeroplane/helicopter/very-light-aircraft/balloon licences, instrument rating, licence upgrades, and ICAO Annex 1-to-Part-FCL conversions; legal basis cites Turkish Civil Aviation Law No. 2920 (1983), SHY-1 Pilot Licence Regulation (2017), SHT-FCL (2017)."
SRC-CASA-NETWORK-BLOCKED,casa.gov.au (multiple pages),CASA,https://www.casa.gov.au,not stated,not stated,2026-09-10,authority_webpage,not applicable - not reachable,unavailable,unverified,CASA,all,"casa.gov.au is unreachable from this environment on repeated attempts across the session (WebFetch timeout; a direct curl attempt also returned HTTP 000 / connection failure). This appears to be a network-level block rather than a bot-detection challenge, so the FAA-style curl workaround did not apply. All CASA facts in this project remain search-snippet-derived and unverified by direct fetch."
SRC-FAA-SAMPLE-Q-CAX-FETCHED,Commercial Pilot Airplane (CAX) Sample Questions (content fetched),FAA,https://www.faa.gov/sites/faa.gov/files/training_testing/testing/test_questions/cax_questions.pdf,not stated,not stated,2026-09-10,sample_exam,"U.S. Government work, public domain under 17 U.S.C. 105",reusable_verbatim,primary_official,FAA,Commercial Pilot - Airplane,UPDATE: fetched via curl (same method as PAR) and pdftotext-extracted (50 questions). 38 self-contained questions extracted into data/faa/cax/en/. No answer key published; correct answers independently determined.
SRC-FAA-SAMPLE-Q-PRH-FETCHED,Private Pilot-Helicopter (PRH) Sample Questions (content fetched),FAA,https://www.faa.gov/sites/faa.gov/files/training_testing/testing/test_questions/prh_questions.pdf,not stated,not stated,2026-09-10,sample_exam,"U.S. Government work, public domain under 17 U.S.C. 105",reusable_verbatim,primary_official,FAA,Private Pilot - Helicopter,UPDATE: fetched and extracted (51 questions). 13 genuinely helicopter-specific questions extracted into data/faa/prh/en/ (rest overlap heavily with PAR content).
SRC-FAA-SAMPLE-Q-FIA-FETCHED,Flight Instructor Airplane (FIA) Sample Questions (content fetched),FAA,https://www.faa.gov/sites/faa.gov/files/training_testing/testing/test_questions/fia_questions.pdf,not stated,not stated,2026-09-10,sample_exam,"U.S. Government work, public domain under 17 U.S.C. 105",reusable_verbatim,primary_official,FAA,Flight Instructor,UPDATE: fetched and extracted (100 questions). 30 self-contained questions extracted into data/faa/fia/en/ including Fundamentals of Instruction content.
SRC-FAA-SAMPLE-Q-UAG-FETCHED,Unmanned Aircraft General (UAG) Sample Questions (content fetched),FAA,https://www.faa.gov/sites/faa.gov/files/training_testing/testing/test_questions/uag_questions.pdf,not stated,not stated,2026-09-10,sample_exam,"U.S. Government work, public domain under 17 U.S.C. 105",reusable_verbatim,primary_official,FAA,Remote Pilot - Small UAS,UPDATE: fetched and extracted (60 questions). 27 self-contained Part 107/48/89 questions extracted into data/faa/uag/en/ - first drone/Remote Pilot content in the bank.
SRC-TC-TP877-FETCHED,Civil Aviation Sample Examination - Glider Pilot Licence (TP 877E),Transport Canada,https://tc.canada.ca/en/aviation/publications/sample-examination-glider-pilot-licence-tp-877,not stated,"TP 877E, Tenth Edition, 2006-08",2026-09-10,sample_exam,"(c) Her Majesty the Queen in Right of Canada, as represented by the Minister of Transport, 2002. Permission to copy/reproduce in whole or in part with full acknowledgment and accurate reproduction - NOTE: this licence text does NOT contain the explicit non-commercial-use restriction found in TP 13014/TP 14454; broader but still requires attribution.",reusable_with_attribution,primary_official,TRANSPORT-CANADA,Glider Pilot Licence,"Fetched (254KB, 14 pages) and text-extracted in full. Contains 50 real questions with answer key; 31 extracted (self-contained, non-figure-dependent) into data/transport-canada/glider-pilot-licence/en/. First glider content in the bank."
SRC-TC-TP14454-FETCHED,Sample Examination - Pilot Permit - Ultra-light Aeroplane (TP 14454E),Transport Canada,https://tc.canada.ca/en/aviation/publications/sample-examination-pilot-permit-ultra-light-aeroplane-tp-14454,not stated,"TP 14454E, First Edition, 2005-12 (revised 2009-04)",2026-09-10,sample_exam,"(c) Her Majesty the Queen in Right of Canada, represented by the Minister of Transport, 2005. Non-commercial use only, same pattern as TP 13014 - commercial reproduction requires separate PWGSC permission.",reusable_with_attribution,primary_official,TRANSPORT-CANADA,Pilot Permit - Ultra-light Aeroplane,"Fetched (3MB, 23 pages) and text-extracted in full. Contains 80 real questions with answer key; 18 extracted (self-contained) into data/transport-canada/ultra-light-pilot-permit/en/. First ultra-light content in the bank."
SRC-TC-TP13728-FETCHED,Civil Aviation Sample Examination - Private and Commercial Pilot Licences - Helicopter (TP 13728E),Transport Canada,https://tc.canada.ca/en/aviation/publications/civil-aviation-sample-examination-private-commercial-pilot-licences-helicopter-tp-13728,not stated,"TP 13728E, First Edition, 2002-10",2026-09-10,sample_exam,"(c) Her Majesty the Queen in Right of Canada, as represented by the Minister of Transport (2002). Permission to copy/reproduce in whole or in part with full acknowledgment and accurate reproduction - same broader (non-'non-commercial-only') licence pattern as TP 877.",reusable_with_attribution,primary_official,TRANSPORT-CANADA,Private/Commercial Pilot Licence - Helicopter,Fetched (1.2MB) and text-extracted in full (100 questions). Content overlaps almost entirely with TP 13014 (same Air Law/Meteorology/engine questions); only one genuinely unique helicopter-specific question found (ground effect for hover). NOT mined into a question batch this session - low marginal value relative to effort; noted for a possible future pass focused specifically on that one item plus a full duplicate-check against TP 13014.
SRC-SHGM-SHTFCL-FETCHED,"SHT-FCL (full flight crew licensing instruction, content fetched)",SHGM,https://web.shgm.gov.tr/documents/sivilhavacilik/files/mevzuat/sektorel/talimatlar/2024/SHT-FCL.pdf,2024-09-04,not stated,2026-09-10,regulation,"not confirmed - Turkish government regulatory document, no explicit reuse statement found",unknown,primary_official,SHGM,all Part-FCL-aligned Turkish licences,"Fetched successfully (3.3MB, 8623 lines extracted) - this is the full flight crew licensing regulation (much larger than SHT-1TBS, the exam-procedure document). NOT yet mined for subject/syllabus structure this session - planned for a future batch to build SHGM original_syllabus_aligned questions with genuine regulatory citations."
SRC-FAA-ECFR-PART91,Electronic Code of Federal Regulations - 14 CFR Part 91 (General Operating and Flight Rules),U.S. Government Publishing Office / Office of the Federal Register,https://www.ecfr.gov/current/title-14/chapter-I/subchapter-F/part-91,not stated,current (rolling),2026-09-11,regulation,"U.S. Government work, public domain under 17 U.S.C. 105 (federal regulation text)",reusable_verbatim,primary_official,FAA,all FAA certificates,"Cited as regulation_reference by a batch of 5 original_syllabus_aligned FAA PAR questions (91.151 fuel reserves, 91.17 alcohol, 91.159 cruising altitudes, 91.103 preflight action) contributed via a user-supplied file and merged into the bank 2026-09-11. Citations independently fact-checked against known regulation text before ingestion; URL not separately re-fetched this session."
SRC-FAA-AKTS-2H,"Airman Knowledge Testing Supplement for Sport Pilot, Recreational Pilot, Remote Pilot, and Private Pilot (FAA-CT-8080-2H)",FAA,https://www.faa.gov/sites/faa.gov/files/training_testing/testing/supplements/media/sport_rec_private_akts.pdf,2018,H (2018),2026-09-11,handbook,"U.S. Government work, public domain under 17 U.S.C. 105",reusable_verbatim,primary_official,FAA,Sport/Recreational/Remote/Private Pilot,"Contains the actual figures (instrument diagrams, charts, sectional excerpts) referenced by 'Refer to Figure X' questions in the PAR and UAG sample-question sets. Fetched successfully (175MB/113 pages) via curl with browser UA (same workaround as the sample-question PDFs). Used this session to verify figures 2 (Load Factor Chart), 4 (Airspeed Indicator), 8 (Density Altitude Chart), unlocking 4 previously-skipped questions across PAR/PRH/UAG. Many more figures (sectional excerpts, W&B tables) remain unused."
SRC-FAA-AKTS-1E,Airman Knowledge Testing Supplement for Commercial Pilot (FAA-CT-8080-1E),FAA,https://www.faa.gov/sites/faa.gov/files/training_testing/testing/supplements/commercial_akts.pdf,2018,E (2018),2026-09-11,handbook,"U.S. Government work, public domain under 17 U.S.C. 105",reusable_verbatim,primary_official,FAA,Commercial Pilot,"Fetched successfully (57MB/83 pages). Used this session to verify Figure 61 (taxiway sign), unlocking 1 previously-skipped CAX question. Many more figures (sectional excerpts, W&B/performance tables) remain unused."
SRC-FAA-AKTS-5H,"Airman Knowledge Testing Supplement for Flight Instructor, Ground Instructor, and Sport Pilot Instructor (FAA-CT-8080-5H)",FAA,https://www.faa.gov/sites/faa.gov/files/training_testing/testing/supplements/flight_ground_instructor_akts.pdf,2018,H (2018),2026-09-11,handbook,"U.S. Government work, public domain under 17 U.S.C. 105",reusable_verbatim,primary_official,FAA,"Flight Instructor, Ground Instructor, Sport Pilot Instructor","Fetched successfully (26MB/68 pages). Used this session to verify Figures 7 (winds aloft), 17 (V-n diagram), 18 (stall speed vs load factor), 30 (wind component chart), unlocking 5 previously-skipped FIA questions. Many more figures (sectional excerpts, W&B tables) remain unused."
SRC-FAA-AKTS-LISTING,FAA Airman Knowledge Testing (Computer Testing) Supplements: Latest Version Listing,FAA,https://www.faa.gov/sites/faa.gov/files/training_testing/testing/supplements/akts_listing.pdf,2019-08-02,revised 2019-08-02,2026-09-11,authority_webpage,"U.S. Government work, public domain under 17 U.S.C. 105",reference_only_no_reuse,primary_official,FAA,all FAA certificates,"Master list confirming supplement document numbers/versions for every FAA certification area: Commercial (1E), Sport/Rec/Remote/Private (2H), Instrument Rating (3F), AMT/Airframe/Powerplant/Parachute Rigger (4G), Flight/Ground/Sport Instructor (5H), Flight Engineer (6A), ATP/Dispatcher/Navigator (7D), Inspection Authorization (8D). Also revealed a Fundamentals of Instructing (FOI) sample-question set (foi_questions.pdf) not yet mined - see unresolved_issues.md."
